processes,vertices,delta,enable_ios,enable_push_pull_pruning,enable_hybridization,hybridization_tau,enable_load_balancing,elapsed_time
24,4096,25,0,0,0,0.4,0,0.0343792
96,4194304,25,0,0,0,0.4,0,7.75039
24,4194304,25,0,0,0,0.4,0,5.99871
24,65536,25,0,0,0,0.4,0,0.0623727
48,4194304,25,0,0,0,0.4,0,3.7851
24,8192,25,0,0,0,0.4,0,0.0247173
24,2097152,25,0,0,0,0.4,0,2.58706
96,262144,25,0,0,0,0.4,0,0.344361
96,1048576,25,0,0,0,0.4,0,0.559736
24,1024,25,0,0,0,0.4,0,0.0214136
24,4096,25,0,0,0,0.4,0,0.0241036
72,1024,25,0,0,0,0.4,0,0.0440595
72,262144,25,0,0,0,0.4,0,0.143962
48,2048,25,0,0,0,0.4,0,0.0307784
24,1024,25,0,0,0,0.4,0,0.0212231
48,4096,25,0,0,0,0.4,0,0.0350468
72,2048,25,0,0,0,0.4,0,0.0436232
48,131072,25,0,0,0,0.4,0,0.227432
72,4096,25,0,0,0,0.4,0,0.0599709
24,2097152,25,0,0,0,0.4,0,5.30908
24,32768,25,0,0,0,0.4,0,0.042094
24,262144,25,0,0,0,0.4,0,0.480728
96,8192,25,0,0,0,0.4,0,0.0454378
24,16384,25,0,0,0,0.4,0,0.0523968
72,16384,25,0,0,0,0.4,0,0.0494714
96,32768,25,0,0,0,0.4,0,0.0916901
48,2097152,25,0,0,0,0.4,0,1.74609
48,65536,25,0,0,0,0.4,0,0.0631521
48,4096,25,0,0,0,0.4,0,0.0474653
48,1024,25,0,0,0,0.4,0,0.0348835
96,4194304,25,0,0,0,0.4,0,2.61632
24,262144,25,0,0,0,0.4,0,0.204185
96,4096,25,0,0,0,0.4,0,0.0348637
96,65536,25,0,0,0,0.4,0,0.066426
48,2048,25,0,0,0,0.4,0,0.039284
96,1024,25,0,0,0,0.4,0,0.0309751
72,4194304,25,0,0,0,0.4,0,8.37534
72,65536,25,0,0,0,0.4,0,0.113438
48,262144,25,0,0,0,0.4,0,0.429322
96,2048,25,0,0,0,0.4,0,0.0468283
48,65536,25,0,0,0,0.4,0,0.136468
72,2097152,25,0,0,0,0.4,0,3.65561
24,524288,25,0,0,0,0.4,0,0.437125
72,2048,25,0,0,0,0.4,0,0.0415463
72,524288,25,0,0,0,0.4,0,0.722081
24,8192,25,0,0,0,0.4,0,0.0391009
72,4096,25,0,0,0,0.4,0,0.0403121
96,2048,25,0,0,0,0.4,0,0.036186
72,1048576,25,0,0,0,0.4,0,1.49134
72,8192,25,0,0,0,0.4,0,0.0595448
48,16384,25,0,0,0,0.4,0,0.0463848
96,16384,25,0,0,0,0.4,0,0.0425048
72,8192,25,0,0,0,0.4,0,0.0438833
48,4194304,25,0,0,0,0.4,0,9.55163
96,524288,25,0,0,0,0.4,0,0.680822
96,131072,25,0,0,0,0.4,0,0.0886564
48,2097152,25,0,0,0,0.4,0,4.20818
96,1024,25,0,0,0,0.4,0,0.0288708
72,32768,25,0,0,0,0.4,0,0.0649638
24,1048576,25,0,0,0,0.4,0,2.23767
24,1048576,25,0,0,0,0.4,0,1.06478
48,32768,25,0,0,0,0.4,0,0.0872288
48,524288,25,0,0,0,0.4,0,0.319574
48,1048576,25,0,0,0,0.4,0,0.788635
96,1048576,25,0,0,0,0.4,0,1.48193
48,524288,25,0,0,0,0.4,0,0.861823
48,1048576,25,0,0,0,0.4,0,1.77599
72,1048576,25,0,0,0,0.4,0,0.578836
72,262144,25,0,0,0,0.4,0,0.34213
96,16384,25,0,0,0,0.4,0,0.0640593
72,65536,25,0,0,0,0.4,0,0.0670066
24,131072,25,0,0,0,0.4,0,0.24361
96,65536,25,0,0,0,0.4,0,0.127407
24,131072,25,0,0,0,0.4,0,0.110711
96,2097152,25,0,0,0,0.4,0,1.22335
48,16384,25,0,0,0,0.4,0,0.0667572
24,2048,25,0,0,0,0.4,0,0.0263703
96,524288,25,0,0,0,0.4,0,0.24536
24,16384,25,0,0,0,0.4,0,0.0317814
96,4096,25,0,0,0,0.4,0,0.0470684
72,131072,25,0,0,0,0.4,0,0.0916557
72,2097152,25,0,0,0,0.4,0,1.37904
96,8192,25,0,0,0,0.4,0,0.0362008
72,1024,25,0,0,0,0.4,0,0.0415647
24,524288,25,0,0,0,0.4,0,0.981282
48,8192,25,0,0,0,0.4,0,0.0405021
48,32768,25,0,0,0,0.4,0,0.0459981
48,1024,25,0,0,0,0.4,0,0.0297399
72,4194304,25,0,0,0,0.4,0,3.13602
96,262144,25,0,0,0,0.4,0,0.139694
48,262144,25,0,0,0,0.4,0,0.170105
72,524288,25,0,0,0,0.4,0,0.274154
48,131072,25,0,0,0,0.4,0,0.0960212
72,131072,25,0,0,0,0.4,0,0.193265
72,32768,25,0,0,0,0.4,0,0.0958481
96,131072,25,0,0,0,0.4,0,0.20091
48,8192,25,0,0,0,0.4,0,0.0517724
24,4194304,25,0,0,0,0.4,0,11.1648
24,65536,25,0,0,0,0.4,0,0.142352
24,2048,25,0,0,0,0.4,0,0.0244422
24,32768,25,0,0,0,0.4,0,0.0846939
96,32768,25,0,0,0,0.4,0,0.0538855
96,2097152,25,0,0,0,0.4,0,3.45094
72,16384,25,0,0,0,0.4,0,0.0630958
24,4096,25,1,1,1,0.4,0,0.0207484
96,4194304,25,1,1,1,0.4,0,3.0805
24,4194304,25,1,1,1,0.4,0,3.42355
24,65536,25,1,1,1,0.4,0,0.0492468
48,4194304,25,1,1,1,0.4,0,2.16187
24,8192,25,1,1,1,0.4,0,0.0219219
24,2097152,25,1,1,1,0.4,0,1.5322
96,262144,25,1,1,1,0.4,0,0.205779
96,1048576,25,1,1,1,0.4,0,0.317045
24,1024,25,1,1,1,0.4,0,0.0221303
24,4096,25,1,1,1,0.4,0,0.0212109
72,1024,25,1,1,1,0.4,0,0.0277441
72,262144,25,1,1,1,0.4,0,0.0915329
48,2048,25,1,1,1,0.4,0,0.0216756
24,1024,25,1,1,1,0.4,0,0.0132823
48,4096,25,1,1,1,0.4,0,0.0266922
72,2048,25,1,1,1,0.4,0,0.0291686
48,131072,25,1,1,1,0.4,0,0.133612
72,4096,25,1,1,1,0.4,0,0.0375047
24,2097152,25,1,1,1,0.4,0,2.69964
24,32768,25,1,1,1,0.4,0,0.0387952
24,262144,25,1,1,1,0.4,0,0.319884
96,8192,25,1,1,1,0.4,0,0.0348361
24,16384,25,1,1,1,0.4,0,0.0353496
72,16384,25,1,1,1,0.4,0,0.03724
96,32768,25,1,1,1,0.4,0,0.0554552
48,2097152,25,1,1,1,0.4,0,1.01174
48,65536,25,1,1,1,0.4,0,0.0496173
48,4096,25,1,1,1,0.4,0,0.0283666
48,1024,25,1,1,1,0.4,0,0.0242095
96,4194304,25,1,1,1,0.4,0,1.45138
24,262144,25,1,1,1,0.4,0,0.163152
96,4096,25,1,1,1,0.4,0,0.0294859
96,65536,25,1,1,1,0.4,0,0.0475745
48,2048,25,1,1,1,0.4,0,0.0261042
96,1024,25,1,1,1,0.4,0,0.0234137
72,4194304,25,1,1,1,0.4,0,3.25367
72,65536,25,1,1,1,0.4,0,0.0735705
48,262144,25,1,1,1,0.4,0,0.26507
96,2048,25,1,1,1,0.4,0,0.0280364
48,65536,25,1,1,1,0.4,0,0.0905039
72,2097152,25,1,1,1,0.4,0,1.64642
24,524288,25,1,1,1,0.4,0,0.299534
72,2048,25,1,1,1,0.4,0,0.0301261
72,524288,25,1,1,1,0.4,0,0.396705
24,8192,25,1,1,1,0.4,0,0.0245068
72,4096,25,1,1,1,0.4,0,0.0301213
96,2048,25,1,1,1,0.4,0,0.0271261
72,1048576,25,1,1,1,0.4,0,0.795759
72,8192,25,1,1,1,0.4,0,0.0382524
48,16384,25,1,1,1,0.4,0,0.0270579
96,16384,25,1,1,1,0.4,0,0.0331266
72,8192,25,1,1,1,0.4,0,0.0325611
48,4194304,25,1,1,1,0.4,0,4.01614
96,524288,25,1,1,1,0.4,0,0.382103
96,131072,25,1,1,1,0.4,0,0.0657835
48,2097152,25,1,1,1,0.4,0,2.01874
96,1024,25,1,1,1,0.4,0,0.0252762
72,32768,25,1,1,1,0.4,0,0.0442598
24,1048576,25,1,1,1,0.4,0,1.26673
24,1048576,25,1,1,1,0.4,0,0.682938
48,32768,25,1,1,1,0.4,0,0.050132
48,524288,25,1,1,1,0.4,0,0.213336
48,1048576,25,1,1,1,0.4,0,0.443808
96,1048576,25,1,1,1,0.4,0,0.755312
48,524288,25,1,1,1,0.4,0,0.499019
48,1048576,25,1,1,1,0.4,0,0.951517
72,1048576,25,1,1,1,0.4,0,0.362623
72,262144,25,1,1,1,0.4,0,0.214005
96,16384,25,1,1,1,0.4,0,0.0430009
72,65536,25,1,1,1,0.4,0,0.0523949
24,131072,25,1,1,1,0.4,0,0.159936
96,65536,25,1,1,1,0.4,0,0.0770168
24,131072,25,1,1,1,0.4,0,0.0895665
96,2097152,25,1,1,1,0.4,0,0.656187
48,16384,25,1,1,1,0.4,0,0.0414541
24,2048,25,1,1,1,0.4,0,0.0170021
96,524288,25,1,1,1,0.4,0,0.157114
24,16384,25,1,1,1,0.4,0,0.0284135
96,4096,25,1,1,1,0.4,0,0.0334899
72,131072,25,1,1,1,0.4,0,0.0648184
72,2097152,25,1,1,1,0.4,0,0.723653
96,8192,25,1,1,1,0.4,0,0.0286543
72,1024,25,1,1,1,0.4,0,0.0293341
24,524288,25,1,1,1,0.4,0,0.623444
48,8192,25,1,1,1,0.4,0,0.0275557
48,32768,25,1,1,1,0.4,0,0.039155
48,1024,25,1,1,1,0.4,0,0.0258415
72,4194304,25,1,1,1,0.4,0,1.63285
96,262144,25,1,1,1,0.4,0,0.0923319
48,262144,25,1,1,1,0.4,0,0.10729
72,524288,25,1,1,1,0.4,0,0.178658
48,131072,25,1,1,1,0.4,0,0.0624928
72,131072,25,1,1,1,0.4,0,0.117192
72,32768,25,1,1,1,0.4,0,0.0543478
96,131072,25,1,1,1,0.4,0,0.11674
48,8192,25,1,1,1,0.4,0,0.0286198
24,4194304,25,1,1,1,0.4,0,5.42075
24,65536,25,1,1,1,0.4,0,0.0895882
24,2048,25,1,1,1,0.4,0,0.0168078
24,32768,25,1,1,1,0.4,0,0.0542655
96,32768,25,1,1,1,0.4,0,0.0367529
96,2097152,25,1,1,1,0.4,0,1.54452
72,16384,25,1,1,1,0.4,0,0.0446682
24,4096,25,1,0,0,0.4,0,0.0332716
96,4194304,25,1,0,0,0.4,0,7.55119
24,4194304,25,1,0,0,0.4,0,5.7834
24,65536,25,1,0,0,0.4,0,0.0654299
48,4194304,25,1,0,0,0.4,0,3.66812
24,8192,25,1,0,0,0.4,0,0.02443
24,2097152,25,1,0,0,0.4,0,2.56719
96,262144,25,1,0,0,0.4,0,0.328424
96,1048576,25,1,0,0,0.4,0,0.519288
24,1024,25,1,0,0,0.4,0,0.0205789
24,4096,25,1,0,0,0.4,0,0.0303915
72,1024,25,1,0,0,0.4,0,0.0452261
72,262144,25,1,0,0,0.4,0,0.135888
48,2048,25,1,0,0,0.4,0,0.0330689
24,1024,25,1,0,0,0.4,0,0.0211945
48,4096,25,1,0,0,0.4,0,0.0358002
72,2048,25,1,0,0,0.4,0,0.043607
48,131072,25,1,0,0,0.4,0,0.20558
72,4096,25,1,0,0,0.4,0,0.0527065
24,2097152,25,1,0,0,0.4,0,5.15526
24,32768,25,1,0,0,0.4,0,0.0434141
24,262144,25,1,0,0,0.4,0,0.455649
96,8192,25,1,0,0,0.4,0,0.0468109
24,16384,25,1,0,0,0.4,0,0.0553699
72,16384,25,1,0,0,0.4,0,0.0506439
96,32768,25,1,0,0,0.4,0,0.0862074
48,2097152,25,1,0,0,0.4,0,1.70156
48,65536,25,1,0,0,0.4,0,0.0642066
48,4096,25,1,0,0,0.4,0,0.0466321
48,1024,25,1,0,0,0.4,0,0.0329554
96,4194304,25,1,0,0,0.4,0,2.42799
24,262144,25,1,0,0,0.4,0,0.195678
96,4096,25,1,0,0,0.4,0,0.0359199
96,65536,25,1,0,0,0.4,0,0.0616176
48,2048,25,1,0,0,0.4,0,0.0315831
96,1024,25,1,0,0,0.4,0,0.031522
72,4194304,25,1,0,0,0.4,0,8.03744
72,65536,25,1,0,0,0.4,0,0.122594
48,262144,25,1,0,0,0.4,0,0.42217
96,2048,25,1,0,0,0.4,0,0.0350585
48,65536,25,1,0,0,0.4,0,0.117165
72,2097152,25,1,0,0,0.4,0,3.47616
24,524288,25,1,0,0,0.4,0,0.402524
72,2048,25,1,0,0,0.4,0,0.045222
72,524288,25,1,0,0,0.4,0,0.687047
24,8192,25,1,0,0,0.4,0,0.0347738
72,4096,25,1,0,0,0.4,0,0.0443757
96,2048,25,1,0,0,0.4,0,0.0349712
72,1048576,25,1,0,0,0.4,0,1.4953
72,8192,25,1,0,0,0.4,0,0.0575752
48,16384,25,1,0,0,0.4,0,0.042954
96,16384,25,1,0,0,0.4,0,0.0414538
72,8192,25,1,0,0,0.4,0,0.0501139
48,4194304,25,1,0,0,0.4,0,9.33613
96,524288,25,1,0,0,0.4,0,0.654243
96,131072,25,1,0,0,0.4,0,0.0858533
48,2097152,25,1,0,0,0.4,0,4.192
96,1024,25,1,0,0,0.4,0,0.0277951
72,32768,25,1,0,0,0.4,0,0.0602405
24,1048576,25,1,0,0,0.4,0,2.15395
24,1048576,25,1,0,0,0.4,0,1.02193
48,32768,25,1,0,0,0.4,0,0.0821316
48,524288,25,1,0,0,0.4,0,0.332474
48,1048576,25,1,0,0,0.4,0,0.737973
96,1048576,25,1,0,0,0.4,0,1.43237
48,524288,25,1,0,0,0.4,0,0.83885
48,1048576,25,1,0,0,0.4,0,1.77786
72,1048576,25,1,0,0,0.4,0,0.555547
72,262144,25,1,0,0,0.4,0,0.336542
96,16384,25,1,0,0,0.4,0,0.062649
72,65536,25,1,0,0,0.4,0,0.0584035
24,131072,25,1,0,0,0.4,0,0.232409
96,65536,25,1,0,0,0.4,0,0.113577
24,131072,25,1,0,0,0.4,0,0.101911
96,2097152,25,1,0,0,0.4,0,1.12341
48,16384,25,1,0,0,0.4,0,0.0604644
24,2048,25,1,0,0,0.4,0,0.0283349
96,524288,25,1,0,0,0.4,0,0.22646
24,16384,25,1,0,0,0.4,0,0.0357454
96,4096,25,1,0,0,0.4,0,0.0442331
72,131072,25,1,0,0,0.4,0,0.0856152
72,2097152,25,1,0,0,0.4,0,1.2544
96,8192,25,1,0,0,0.4,0,0.0372334
72,1024,25,1,0,0,0.4,0,0.0397458
24,524288,25,1,0,0,0.4,0,0.975847
48,8192,25,1,0,0,0.4,0,0.0308645
48,32768,25,1,0,0,0.4,0,0.0517485
48,1024,25,1,0,0,0.4,0,0.0286875
72,4194304,25,1,0,0,0.4,0,2.91702
96,262144,25,1,0,0,0.4,0,0.1331
48,262144,25,1,0,0,0.4,0,0.148505
72,524288,25,1,0,0,0.4,0,0.252083
48,131072,25,1,0,0,0.4,0,0.0869675
72,131072,25,1,0,0,0.4,0,0.218714
72,32768,25,1,0,0,0.4,0,0.0852675
96,131072,25,1,0,0,0.4,0,0.182702
48,8192,25,1,0,0,0.4,0,0.0474086
24,4194304,25,1,0,0,0.4,0,10.8616
24,65536,25,1,0,0,0.4,0,0.135633
24,2048,25,1,0,0,0.4,0,0.0206919
24,32768,25,1,0,0,0.4,0,0.0832458
96,32768,25,1,0,0,0.4,0,0.0487463
96,2097152,25,1,0,0,0.4,0,3.3257
72,16384,25,1,0,0,0.4,0,0.0632129
24,4096,25,0,1,0,0.4,0,0.0444303
96,4194304,25,0,1,0,0.4,0,3.16946
24,4194304,25,0,1,0,0.4,0,3.13929
24,65536,25,0,1,0,0.4,0,0.0591087
48,4194304,25,0,1,0,0.4,0,2.08485
24,8192,25,0,1,0,0.4,0,0.0247054
24,2097152,25,0,1,0,0.4,0,1.42427
96,262144,25,0,1,0,0.4,0,0.255173
96,1048576,25,0,1,0,0.4,0,0.369275
24,1024,25,0,1,0,0.4,0,0.0272367
24,4096,25,0,1,0,0.4,0,0.0249732
72,1024,25,0,1,0,0.4,0,0.0296421
72,262144,25,0,1,0,0.4,0,0.104067
48,2048,25,0,1,0,0.4,0,0.0324171
24,1024,25,0,1,0,0.4,0,0.0211084
48,4096,25,0,1,0,0.4,0,0.0359561
72,2048,25,0,1,0,0.4,0,0.0361133
48,131072,25,0,1,0,0.4,0,0.199318
72,4096,25,0,1,0,0.4,0,0.0525115
24,2097152,25,0,1,0,0.4,0,2.64084
24,32768,25,0,1,0,0.4,0,0.0385189
24,262144,25,0,1,0,0.4,0,0.330402
96,8192,25,0,1,0,0.4,0,0.0543492
24,16384,25,0,1,0,0.4,0,0.0495262
72,16384,25,0,1,0,0.4,0,0.0490739
96,32768,25,0,1,0,0.4,0,0.101685
48,2097152,25,0,1,0,0.4,0,0.982833
48,65536,25,0,1,0,0.4,0,0.0536149
48,4096,25,0,1,0,0.4,0,0.0479538
48,1024,25,0,1,0,0.4,0,0.0346231
96,4194304,25,0,1,0,0.4,0,1.44458
24,262144,25,0,1,0,0.4,0,0.156347
96,4096,25,0,1,0,0.4,0,0.0378473
96,65536,25,0,1,0,0.4,0,0.0641863
48,2048,25,0,1,0,0.4,0,0.0443065
96,1024,25,0,1,0,0.4,0,0.0303662
72,4194304,25,0,1,0,0.4,0,3.29888
72,65536,25,0,1,0,0.4,0,0.111176
48,262144,25,0,1,0,0.4,0,0.299981
96,2048,25,0,1,0,0.4,0,0.034198
48,65536,25,0,1,0,0.4,0,0.114751
72,2097152,25,0,1,0,0.4,0,1.69644
24,524288,25,0,1,0,0.4,0,0.272627
72,2048,25,0,1,0,0.4,0,0.0384142
72,524288,25,0,1,0,0.4,0,0.43482
24,8192,25,0,1,0,0.4,0,0.0447841
72,4096,25,0,1,0,0.4,0,0.0378678
96,2048,25,0,1,0,0.4,0,0.0406413
72,1048576,25,0,1,0,0.4,0,0.82877
72,8192,25,0,1,0,0.4,0,0.0620363
48,16384,25,0,1,0,0.4,0,0.0471847
96,16384,25,0,1,0,0.4,0,0.0419266
72,8192,25,0,1,0,0.4,0,0.0399983
48,4194304,25,0,1,0,0.4,0,4.13728
96,524288,25,0,1,0,0.4,0,0.43189
96,131072,25,0,1,0,0.4,0,0.0818841
48,2097152,25,0,1,0,0.4,0,2.04441
96,1024,25,0,1,0,0.4,0,0.0270846
72,32768,25,0,1,0,0.4,0,0.059062
24,1048576,25,0,1,0,0.4,0,1.26575
24,1048576,25,0,1,0,0.4,0,0.66323
48,32768,25,0,1,0,0.4,0,0.0810184
48,524288,25,0,1,0,0.4,0,0.219646
48,1048576,25,0,1,0,0.4,0,0.454549
96,1048576,25,0,1,0,0.4,0,0.805109
48,524288,25,0,1,0,0.4,0,0.504135
48,1048576,25,0,1,0,0.4,0,0.965335
72,1048576,25,0,1,0,0.4,0,0.372167
72,262144,25,0,1,0,0.4,0,0.260577
96,16384,25,0,1,0,0.4,0,0.0613129
72,65536,25,0,1,0,0.4,0,0.0712554
24,131072,25,0,1,0,0.4,0,0.186379
96,65536,25,0,1,0,0.4,0,0.108287
24,131072,25,0,1,0,0.4,0,0.0949106
96,2097152,25,0,1,0,0.4,0,0.689295
48,16384,25,0,1,0,0.4,0,0.0644631
24,2048,25,0,1,0,0.4,0,0.0274711
96,524288,25,0,1,0,0.4,0,0.170472
24,16384,25,0,1,0,0.4,0,0.0301347
96,4096,25,0,1,0,0.4,0,0.0572526
72,131072,25,0,1,0,0.4,0,0.081409
72,2097152,25,0,1,0,0.4,0,0.761236
96,8192,25,0,1,0,0.4,0,0.0318003
72,1024,25,0,1,0,0.4,0,0.0337472
24,524288,25,0,1,0,0.4,0,0.625803
48,8192,25,0,1,0,0.4,0,0.0374253
48,32768,25,0,1,0,0.4,0,0.044816
48,1024,25,0,1,0,0.4,0,0.028075
72,4194304,25,0,1,0,0.4,0,1.63813
96,262144,25,0,1,0,0.4,0,0.11393
48,262144,25,0,1,0,0.4,0,0.119404
72,524288,25,0,1,0,0.4,0,0.196809
48,131072,25,0,1,0,0.4,0,0.0805752
72,131072,25,0,1,0,0.4,0,0.158074
72,32768,25,0,1,0,0.4,0,0.0926466
96,131072,25,0,1,0,0.4,0,0.163168
48,8192,25,0,1,0,0.4,0,0.0625815
24,4194304,25,0,1,0,0.4,0,5.35278
24,65536,25,0,1,0,0.4,0,0.113333
24,2048,25,0,1,0,0.4,0,0.0321198
24,32768,25,0,1,0,0.4,0,0.0821848
96,32768,25,0,1,0,0.4,0,0.0465364
96,2097152,25,0,1,0,0.4,0,1.61407
72,16384,25,0,1,0,0.4,0,0.0666616
24,4096,25,0,0,1,0.4,0,0.0258677
96,4194304,25,0,0,1,0.4,0,7.97061
24,4194304,25,0,0,1,0.4,0,6.04288
24,65536,25,0,0,1,0.4,0,0.0599968
48,4194304,25,0,0,1,0.4,0,3.98516
24,8192,25,0,0,1,0.4,0,0.0227323
24,2097152,25,0,0,1,0.4,0,2.60648
96,262144,25,0,0,1,0.4,0,0.342096
96,1048576,25,0,0,1,0.4,0,0.573108
24,1024,25,0,0,1,0.4,0,0.0177486
24,4096,25,0,0,1,0.4,0,0.0199583
72,1024,25,0,0,1,0.4,0,0.0248096
72,262144,25,0,0,1,0.4,0,0.171953
48,2048,25,0,0,1,0.4,0,0.026402
24,1024,25,0,0,1,0.4,0,0.0169668
48,4096,25,0,0,1,0.4,0,0.0246964
72,2048,25,0,0,1,0.4,0,0.02809
48,131072,25,0,0,1,0.4,0,0.205734
72,4096,25,0,0,1,0.4,0,0.0385342
24,2097152,25,0,0,1,0.4,0,5.35653
24,32768,25,0,0,1,0.4,0,0.038434
24,262144,25,0,0,1,0.4,0,0.555699
96,8192,25,0,0,1,0.4,0,0.0340388
24,16384,25,0,0,1,0.4,0,0.0450895
72,16384,25,0,0,1,0.4,0,0.0486698
96,32768,25,0,0,1,0.4,0,0.0760033
48,2097152,25,0,0,1,0.4,0,1.87407
48,65536,25,0,0,1,0.4,0,0.0509901
48,4096,25,0,0,1,0.4,0,0.0273099
48,1024,25,0,0,1,0.4,0,0.0218694
96,4194304,25,0,0,1,0.4,0,2.65088
24,262144,25,0,0,1,0.4,0,0.203224
96,4096,25,0,0,1,0.4,0,0.0286682
96,65536,25,0,0,1,0.4,0,0.058639
48,2048,25,0,0,1,0.4,0,0.027281
96,1024,25,0,0,1,0.4,0,0.0211792
72,4194304,25,0,0,1,0.4,0,8.37555
72,65536,25,0,0,1,0.4,0,0.106678
48,262144,25,0,0,1,0.4,0,0.401688
96,2048,25,0,0,1,0.4,0,0.0280731
48,65536,25,0,0,1,0.4,0,0.111722
72,2097152,25,0,0,1,0.4,0,3.65415
24,524288,25,0,0,1,0.4,0,0.458378
72,2048,25,0,0,1,0.4,0,0.0247021
72,524288,25,0,0,1,0.4,0,0.710312
24,8192,25,0,0,1,0.4,0,0.0305188
72,4096,25,0,0,1,0.4,0,0.0323417
96,2048,25,0,0,1,0.4,0,0.0265722
72,1048576,25,0,0,1,0.4,0,1.60198
72,8192,25,0,0,1,0.4,0,0.0367899
48,16384,25,0,0,1,0.4,0,0.0301943
96,16384,25,0,0,1,0.4,0,0.0343404
72,8192,25,0,0,1,0.4,0,0.0324023
48,4194304,25,0,0,1,0.4,0,9.9408
96,524288,25,0,0,1,0.4,0,0.702903
96,131072,25,0,0,1,0.4,0,0.0864532
48,2097152,25,0,0,1,0.4,0,4.40557
96,1024,25,0,0,1,0.4,0,0.0280442
72,32768,25,0,0,1,0.4,0,0.0430536
24,1048576,25,0,0,1,0.4,0,2.29866
24,1048576,25,0,0,1,0.4,0,1.12847
48,32768,25,0,0,1,0.4,0,0.0661607
48,524288,25,0,0,1,0.4,0,0.324181
48,1048576,25,0,0,1,0.4,0,0.773059
96,1048576,25,0,0,1,0.4,0,1.51787
48,524288,25,0,0,1,0.4,0,0.853287
48,1048576,25,0,0,1,0.4,0,1.82364
72,1048576,25,0,0,1,0.4,0,0.635473
72,262144,25,0,0,1,0.4,0,0.344396
96,16384,25,0,0,1,0.4,0,0.0552082
72,65536,25,0,0,1,0.4,0,0.0603585
24,131072,25,0,0,1,0.4,0,0.244581
96,65536,25,0,0,1,0.4,0,0.106238
24,131072,25,0,0,1,0.4,0,0.104867
96,2097152,25,0,0,1,0.4,0,1.25661
48,16384,25,0,0,1,0.4,0,0.0479243
24,2048,25,0,0,1,0.4,0,0.0231774
96,524288,25,0,0,1,0.4,0,0.241607
24,16384,25,0,0,1,0.4,0,0.0338507
96,4096,25,0,0,1,0.4,0,0.0320029
72,131072,25,0,0,1,0.4,0,0.0784593
72,2097152,25,0,0,1,0.4,0,1.33337
96,8192,25,0,0,1,0.4,0,0.0281911
72,1024,25,0,0,1,0.4,0,0.0271366
24,524288,25,0,0,1,0.4,0,1.05278
48,8192,25,0,0,1,0.4,0,0.0297453
48,32768,25,0,0,1,0.4,0,0.0415752
48,1024,25,0,0,1,0.4,0,0.0218778
72,4194304,25,0,0,1,0.4,0,3.22122
96,262144,25,0,0,1,0.4,0,0.141302
48,262144,25,0,0,1,0.4,0,0.169643
72,524288,25,0,0,1,0.4,0,0.268436
48,131072,25,0,0,1,0.4,0,0.084686
72,131072,25,0,0,1,0.4,0,0.178443
72,32768,25,0,0,1,0.4,0,0.0703757
96,131072,25,0,0,1,0.4,0,0.186817
48,8192,25,0,0,1,0.4,0,0.0347719
24,4194304,25,0,0,1,0.4,0,12.1999
24,65536,25,0,0,1,0.4,0,0.127752
24,2048,25,0,0,1,0.4,0,0.0170422
24,32768,25,0,0,1,0.4,0,0.0718296
96,32768,25,0,0,1,0.4,0,0.041759
96,2097152,25,0,0,1,0.4,0,3.5925
72,16384,25,0,0,1,0.4,0,0.0554366
24,4096,15,1,1,1,0.4,0,0.0207605
96,4194304,15,1,1,1,0.4,0,2.45351
24,4194304,15,1,1,1,0.4,0,4.74245
24,65536,15,1,1,1,0.4,0,0.0566103
48,4194304,15,1,1,1,0.4,0,3.1628
24,8192,15,1,1,1,0.4,0,0.0213892
24,2097152,15,1,1,1,0.4,0,2.04535
96,262144,15,1,1,1,0.4,0,0.178696
96,1048576,15,1,1,1,0.4,0,0.415269
24,1024,15,1,1,1,0.4,0,0.0213459
24,4096,15,1,1,1,0.4,0,0.0203238
72,1024,15,1,1,1,0.4,0,0.0319173
72,262144,15,1,1,1,0.4,0,0.1116
48,2048,15,1,1,1,0.4,0,0.0309515
24,1024,15,1,1,1,0.4,0,0.0176702
48,4096,15,1,1,1,0.4,0,0.0346975
72,2048,15,1,1,1,0.4,0,0.0333397
48,131072,15,1,1,1,0.4,0,0.11624
72,4096,15,1,1,1,0.4,0,0.0445805
24,2097152,15,1,1,1,0.4,0,2.22783
24,32768,15,1,1,1,0.4,0,0.042978
24,262144,15,1,1,1,0.4,0,0.252737
96,8192,15,1,1,1,0.4,0,0.0413709
24,16384,15,1,1,1,0.4,0,0.0313327
72,16384,15,1,1,1,0.4,0,0.0534627
96,32768,15,1,1,1,0.4,0,0.0557544
48,2097152,15,1,1,1,0.4,0,1.41392
48,65536,15,1,1,1,0.4,0,0.0533714
48,4096,15,1,1,1,0.4,0,0.0338159
48,1024,15,1,1,1,0.4,0,0.0276785
96,4194304,15,1,1,1,0.4,0,1.99973
24,262144,15,1,1,1,0.4,0,0.165687
96,4096,15,1,1,1,0.4,0,0.0329049
96,65536,15,1,1,1,0.4,0,0.0559523
48,2048,15,1,1,1,0.4,0,0.0248785
96,1024,15,1,1,1,0.4,0,0.0247371
72,4194304,15,1,1,1,0.4,0,2.6669
72,65536,15,1,1,1,0.4,0,0.0677381
48,262144,15,1,1,1,0.4,0,0.224103
96,2048,15,1,1,1,0.4,0,0.0277917
48,65536,15,1,1,1,0.4,0,0.0716302
72,2097152,15,1,1,1,0.4,0,1.3498
24,524288,15,1,1,1,0.4,0,0.358763
72,2048,15,1,1,1,0.4,0,0.0360596
72,524288,15,1,1,1,0.4,0,0.330122
24,8192,15,1,1,1,0.4,0,0.0318522
72,4096,15,1,1,1,0.4,0,0.0413916
96,2048,15,1,1,1,0.4,0,0.0306869
72,1048576,15,1,1,1,0.4,0,0.648907
72,8192,15,1,1,1,0.4,0,0.0412562
48,16384,15,1,1,1,0.4,0,0.0413718
96,16384,15,1,1,1,0.4,0,0.0359805
72,8192,15,1,1,1,0.4,0,0.0342939
48,4194304,15,1,1,1,0.4,0,3.26817
96,524288,15,1,1,1,0.4,0,0.318088
96,131072,15,1,1,1,0.4,0,0.0806108
48,2097152,15,1,1,1,0.4,0,1.66047
96,1024,15,1,1,1,0.4,0,0.0231657
72,32768,15,1,1,1,0.4,0,0.0474083
24,1048576,15,1,1,1,0.4,0,1.05589
24,1048576,15,1,1,1,0.4,0,0.848327
48,32768,15,1,1,1,0.4,0,0.0504253
48,524288,15,1,1,1,0.4,0,0.253515
48,1048576,15,1,1,1,0.4,0,0.588735
96,1048576,15,1,1,1,0.4,0,0.621923
48,524288,15,1,1,1,0.4,0,0.397794
48,1048576,15,1,1,1,0.4,0,0.79417
72,1048576,15,1,1,1,0.4,0,0.437712
72,262144,15,1,1,1,0.4,0,0.173679
96,16384,15,1,1,1,0.4,0,0.0441878
72,65536,15,1,1,1,0.4,0,0.0682282
24,131072,15,1,1,1,0.4,0,0.142981
96,65536,15,1,1,1,0.4,0,0.0701978
24,131072,15,1,1,1,0.4,0,0.0987298
96,2097152,15,1,1,1,0.4,0,0.909651
48,16384,15,1,1,1,0.4,0,0.0422368
24,2048,15,1,1,1,0.4,0,0.0187769
96,524288,15,1,1,1,0.4,0,0.193621
24,16384,15,1,1,1,0.4,0,0.02808
96,4096,15,1,1,1,0.4,0,0.0350325
72,131072,15,1,1,1,0.4,0,0.0812774
72,2097152,15,1,1,1,0.4,0,1.00658
96,8192,15,1,1,1,0.4,0,0.0303326
72,1024,15,1,1,1,0.4,0,0.0338588
24,524288,15,1,1,1,0.4,0,0.516561
48,8192,15,1,1,1,0.4,0,0.0369387
48,32768,15,1,1,1,0.4,0,0.0410311
48,1024,15,1,1,1,0.4,0,0.0264359
72,4194304,15,1,1,1,0.4,0,2.35887
96,262144,15,1,1,1,0.4,0,0.107248
48,262144,15,1,1,1,0.4,0,0.122608
72,524288,15,1,1,1,0.4,0,0.23751
48,131072,15,1,1,1,0.4,0,0.0802197
72,131072,15,1,1,1,0.4,0,0.104409
72,32768,15,1,1,1,0.4,0,0.0517383
96,131072,15,1,1,1,0.4,0,0.102953
48,8192,15,1,1,1,0.4,0,0.0310197
24,4194304,15,1,1,1,0.4,0,4.45245
24,65536,15,1,1,1,0.4,0,0.079927
24,2048,15,1,1,1,0.4,0,0.0236154
24,32768,15,1,1,1,0.4,0,0.0484526
96,32768,15,1,1,1,0.4,0,0.0366733
96,2097152,15,1,1,1,0.4,0,1.24807
72,16384,15,1,1,1,0.4,0,0.0429096
24,4096,20,1,1,1,0.4,0,0.0213709
96,4194304,20,1,1,1,0.4,0,2.77261
24,4194304,20,1,1,1,0.4,0,3.60822
24,65536,20,1,1,1,0.4,0,0.0557742
48,4194304,20,1,1,1,0.4,0,2.26477
24,8192,20,1,1,1,0.4,0,0.0215249
24,2097152,20,1,1,1,0.4,0,1.66562
96,262144,20,1,1,1,0.4,0,0.187371
96,1048576,20,1,1,1,0.4,0,0.348474
24,1024,20,1,1,1,0.4,0,0.0164065
24,4096,20,1,1,1,0.4,0,0.0208867
72,1024,20,1,1,1,0.4,0,0.0307691
72,262144,20,1,1,1,0.4,0,0.0896449
48,2048,20,1,1,1,0.4,0,0.0314548
24,1024,20,1,1,1,0.4,0,0.0133741
48,4096,20,1,1,1,0.4,0,0.0228622
72,2048,20,1,1,1,0.4,0,0.0333004
48,131072,20,1,1,1,0.4,0,0.122293
72,4096,20,1,1,1,0.4,0,0.036175
24,2097152,20,1,1,1,0.4,0,2.44828
24,32768,20,1,1,1,0.4,0,0.0354023
24,262144,20,1,1,1,0.4,0,0.272855
96,8192,20,1,1,1,0.4,0,0.033921
24,16384,20,1,1,1,0.4,0,0.0336869
72,16384,20,1,1,1,0.4,0,0.0403874
96,32768,20,1,1,1,0.4,0,0.0554605
48,2097152,20,1,1,1,0.4,0,1.01737
48,65536,20,1,1,1,0.4,0,0.0457776
48,4096,20,1,1,1,0.4,0,0.0255077
48,1024,20,1,1,1,0.4,0,0.026746
96,4194304,20,1,1,1,0.4,0,1.52189
24,262144,20,1,1,1,0.4,0,0.139565
96,4096,20,1,1,1,0.4,0,0.0299442
96,65536,20,1,1,1,0.4,0,0.0483923
48,2048,20,1,1,1,0.4,0,0.0226681
96,1024,20,1,1,1,0.4,0,0.0229087
72,4194304,20,1,1,1,0.4,0,2.92806
72,65536,20,1,1,1,0.4,0,0.0743446
48,262144,20,1,1,1,0.4,0,0.222945
96,2048,20,1,1,1,0.4,0,0.0255666
48,65536,20,1,1,1,0.4,0,0.093667
72,2097152,20,1,1,1,0.4,0,1.4822
24,524288,20,1,1,1,0.4,0,0.329304
72,2048,20,1,1,1,0.4,0,0.0260122
72,524288,20,1,1,1,0.4,0,0.364242
24,8192,20,1,1,1,0.4,0,0.0276785
72,4096,20,1,1,1,0.4,0,0.0355017
96,2048,20,1,1,1,0.4,0,0.0274291
72,1048576,20,1,1,1,0.4,0,0.730904
72,8192,20,1,1,1,0.4,0,0.038635
48,16384,20,1,1,1,0.4,0,0.0307753
96,16384,20,1,1,1,0.4,0,0.0324829
72,8192,20,1,1,1,0.4,0,0.0307567
48,4194304,20,1,1,1,0.4,0,3.64998
96,524288,20,1,1,1,0.4,0,0.352003
96,131072,20,1,1,1,0.4,0,0.0685945
48,2097152,20,1,1,1,0.4,0,1.83364
96,1024,20,1,1,1,0.4,0,0.0238519
72,32768,20,1,1,1,0.4,0,0.0415692
24,1048576,20,1,1,1,0.4,0,1.16606
24,1048576,20,1,1,1,0.4,0,0.714871
48,32768,20,1,1,1,0.4,0,0.0480521
48,524288,20,1,1,1,0.4,0,0.222414
48,1048576,20,1,1,1,0.4,0,0.471468
96,1048576,20,1,1,1,0.4,0,0.68106
48,524288,20,1,1,1,0.4,0,0.437258
48,1048576,20,1,1,1,0.4,0,0.852104
72,1048576,20,1,1,1,0.4,0,0.38127
72,262144,20,1,1,1,0.4,0,0.189206
96,16384,20,1,1,1,0.4,0,0.0432837
72,65536,20,1,1,1,0.4,0,0.055182
24,131072,20,1,1,1,0.4,0,0.150127
96,65536,20,1,1,1,0.4,0,0.0728817
24,131072,20,1,1,1,0.4,0,0.0912292
96,2097152,20,1,1,1,0.4,0,0.707437
48,16384,20,1,1,1,0.4,0,0.0380681
24,2048,20,1,1,1,0.4,0,0.0232229
96,524288,20,1,1,1,0.4,0,0.177438
24,16384,20,1,1,1,0.4,0,0.0268412
96,4096,20,1,1,1,0.4,0,0.0327084
72,131072,20,1,1,1,0.4,0,0.0642762
72,2097152,20,1,1,1,0.4,0,0.834999
96,8192,20,1,1,1,0.4,0,0.028743
72,1024,20,1,1,1,0.4,0,0.0246608
24,524288,20,1,1,1,0.4,0,0.562566
48,8192,20,1,1,1,0.4,0,0.0314066
48,32768,20,1,1,1,0.4,0,0.0367141
48,1024,20,1,1,1,0.4,0,0.0306766
72,4194304,20,1,1,1,0.4,0,1.73145
96,262144,20,1,1,1,0.4,0,0.088897
48,262144,20,1,1,1,0.4,0,0.0948858
72,524288,20,1,1,1,0.4,0,0.184307
48,131072,20,1,1,1,0.4,0,0.0698624
72,131072,20,1,1,1,0.4,0,0.10861
72,32768,20,1,1,1,0.4,0,0.0535626
96,131072,20,1,1,1,0.4,0,0.109037
48,8192,20,1,1,1,0.4,0,0.0295286
24,4194304,20,1,1,1,0.4,0,4.89588
24,65536,20,1,1,1,0.4,0,0.082696
24,2048,20,1,1,1,0.4,0,0.0176077
24,32768,20,1,1,1,0.4,0,0.0479243
96,32768,20,1,1,1,0.4,0,0.0367475
96,2097152,20,1,1,1,0.4,0,1.40574
72,16384,20,1,1,1,0.4,0,0.0399253
24,4096,22,1,1,1,0.4,0,0.0214241
96,4194304,22,1,1,1,0.4,0,2.9026
24,4194304,22,1,1,1,0.4,0,3.46657
24,65536,22,1,1,1,0.4,0,0.0516605
48,4194304,22,1,1,1,0.4,0,2.12268
24,8192,22,1,1,1,0.4,0,0.0209186
24,2097152,22,1,1,1,0.4,0,1.51824
96,262144,22,1,1,1,0.4,0,0.197369
96,1048576,22,1,1,1,0.4,0,0.325819
24,1024,22,1,1,1,0.4,0,0.0142269
24,4096,22,1,1,1,0.4,0,0.0213039
72,1024,22,1,1,1,0.4,0,0.0219159
72,262144,22,1,1,1,0.4,0,0.0998459
48,2048,22,1,1,1,0.4,0,0.0269408
24,1024,22,1,1,1,0.4,0,0.0137665
48,4096,22,1,1,1,0.4,0,0.0267758
72,2048,22,1,1,1,0.4,0,0.0300291
48,131072,22,1,1,1,0.4,0,0.129932
72,4096,22,1,1,1,0.4,0,0.03602
24,2097152,22,1,1,1,0.4,0,2.53784
24,32768,22,1,1,1,0.4,0,0.0369828
24,262144,22,1,1,1,0.4,0,0.289253
96,8192,22,1,1,1,0.4,0,0.0344424
24,16384,22,1,1,1,0.4,0,0.0340996
72,16384,22,1,1,1,0.4,0,0.0356205
96,32768,22,1,1,1,0.4,0,0.0567794
48,2097152,22,1,1,1,0.4,0,0.96371
48,65536,22,1,1,1,0.4,0,0.0435867
48,4096,22,1,1,1,0.4,0,0.0275767
48,1024,22,1,1,1,0.4,0,0.0234642
96,4194304,22,1,1,1,0.4,0,1.37435
24,262144,22,1,1,1,0.4,0,0.161507
96,4096,22,1,1,1,0.4,0,0.0281098
96,65536,22,1,1,1,0.4,0,0.0476117
48,2048,22,1,1,1,0.4,0,0.0242493
96,1024,22,1,1,1,0.4,0,0.0244055
72,4194304,22,1,1,1,0.4,0,3.08128
72,65536,22,1,1,1,0.4,0,0.0712526
48,262144,22,1,1,1,0.4,0,0.235533
96,2048,22,1,1,1,0.4,0,0.0258763
48,65536,22,1,1,1,0.4,0,0.0756598
72,2097152,22,1,1,1,0.4,0,1.55647
24,524288,22,1,1,1,0.4,0,0.305758
72,2048,22,1,1,1,0.4,0,0.0238998
72,524288,22,1,1,1,0.4,0,0.380472
24,8192,22,1,1,1,0.4,0,0.0278625
72,4096,22,1,1,1,0.4,0,0.034997
96,2048,22,1,1,1,0.4,0,0.0279999
72,1048576,22,1,1,1,0.4,0,0.750525
72,8192,22,1,1,1,0.4,0,0.0395348
48,16384,22,1,1,1,0.4,0,0.0326061
96,16384,22,1,1,1,0.4,0,0.0335419
72,8192,22,1,1,1,0.4,0,0.0354016
48,4194304,22,1,1,1,0.4,0,3.88425
96,524288,22,1,1,1,0.4,0,0.36273
96,131072,22,1,1,1,0.4,0,0.0644376
48,2097152,22,1,1,1,0.4,0,1.898
96,1024,22,1,1,1,0.4,0,0.021889
72,32768,22,1,1,1,0.4,0,0.0391088
24,1048576,22,1,1,1,0.4,0,1.18763
24,1048576,22,1,1,1,0.4,0,0.692597
48,32768,22,1,1,1,0.4,0,0.0534623
48,524288,22,1,1,1,0.4,0,0.212878
48,1048576,22,1,1,1,0.4,0,0.462737
96,1048576,22,1,1,1,0.4,0,0.716704
48,524288,22,1,1,1,0.4,0,0.453469
48,1048576,22,1,1,1,0.4,0,0.90576
72,1048576,22,1,1,1,0.4,0,0.380041
72,262144,22,1,1,1,0.4,0,0.209303
96,16384,22,1,1,1,0.4,0,0.0428154
72,65536,22,1,1,1,0.4,0,0.0525823
24,131072,22,1,1,1,0.4,0,0.153954
96,65536,22,1,1,1,0.4,0,0.0748484
24,131072,22,1,1,1,0.4,0,0.0886915
96,2097152,22,1,1,1,0.4,0,0.655734
48,16384,22,1,1,1,0.4,0,0.0372047
24,2048,22,1,1,1,0.4,0,0.0192068
96,524288,22,1,1,1,0.4,0,0.161888
24,16384,22,1,1,1,0.4,0,0.0341563
96,4096,22,1,1,1,0.4,0,0.0331595
72,131072,22,1,1,1,0.4,0,0.0685945
72,2097152,22,1,1,1,0.4,0,0.721238
96,8192,22,1,1,1,0.4,0,0.0295742
72,1024,22,1,1,1,0.4,0,0.0275936
24,524288,22,1,1,1,0.4,0,0.596523
48,8192,22,1,1,1,0.4,0,0.025557
48,32768,22,1,1,1,0.4,0,0.0340443
48,1024,22,1,1,1,0.4,0,0.0206535
72,4194304,22,1,1,1,0.4,0,1.6091
96,262144,22,1,1,1,0.4,0,0.0969498
48,262144,22,1,1,1,0.4,0,0.11502
72,524288,22,1,1,1,0.4,0,0.176834
48,131072,22,1,1,1,0.4,0,0.0657804
72,131072,22,1,1,1,0.4,0,0.111789
72,32768,22,1,1,1,0.4,0,0.0541055
96,131072,22,1,1,1,0.4,0,0.112384
48,8192,22,1,1,1,0.4,0,0.0265002
24,4194304,22,1,1,1,0.4,0,5.0836
24,65536,22,1,1,1,0.4,0,0.0881538
24,2048,22,1,1,1,0.4,0,0.0182192
24,32768,22,1,1,1,0.4,0,0.0521939
96,32768,22,1,1,1,0.4,0,0.0351176
96,2097152,22,1,1,1,0.4,0,1.47087
72,16384,22,1,1,1,0.4,0,0.0404956
24,4096,18,1,1,1,0.4,0,0.0201452
96,4194304,18,1,1,1,0.4,0,2.65048
24,4194304,18,1,1,1,0.4,0,2.83765
24,65536,18,1,1,1,0.4,0,0.0479841
48,4194304,18,1,1,1,0.4,0,1.67788
24,8192,18,1,1,1,0.4,0,0.0235701
24,2097152,18,1,1,1,0.4,0,1.28412
96,262144,18,1,1,1,0.4,0,0.185441
96,1048576,18,1,1,1,0.4,0,0.4554
24,1024,18,1,1,1,0.4,0,0.0142262
24,4096,18,1,1,1,0.4,0,0.0222914
72,1024,18,1,1,1,0.4,0,0.0261831
72,262144,18,1,1,1,0.4,0,0.112213
48,2048,18,1,1,1,0.4,0,0.0286677
24,1024,18,1,1,1,0.4,0,0.0151696
48,4096,18,1,1,1,0.4,0,0.0312819
72,2048,18,1,1,1,0.4,0,0.036546
48,131072,18,1,1,1,0.4,0,0.119359
72,4096,18,1,1,1,0.4,0,0.0455601
24,2097152,18,1,1,1,0.4,0,2.30376
24,32768,18,1,1,1,0.4,0,0.03825
24,262144,18,1,1,1,0.4,0,0.274749
96,8192,18,1,1,1,0.4,0,0.0433409
24,16384,18,1,1,1,0.4,0,0.0379207
72,16384,18,1,1,1,0.4,0,0.0466034
96,32768,18,1,1,1,0.4,0,0.0536251
48,2097152,18,1,1,1,0.4,0,0.814676
48,65536,18,1,1,1,0.4,0,0.0521278
48,4096,18,1,1,1,0.4,0,0.0306213
48,1024,18,1,1,1,0.4,0,0.0235252
96,4194304,18,1,1,1,0.4,0,2.19177
24,262144,18,1,1,1,0.4,0,0.167676
96,4096,18,1,1,1,0.4,0,0.0288088
96,65536,18,1,1,1,0.4,0,0.0622451
48,2048,18,1,1,1,0.4,0,0.0280719
96,1024,18,1,1,1,0.4,0,0.0222511
72,4194304,18,1,1,1,0.4,0,2.83007
72,65536,18,1,1,1,0.4,0,0.0673144
48,262144,18,1,1,1,0.4,0,0.218772
96,2048,18,1,1,1,0.4,0,0.0273547
48,65536,18,1,1,1,0.4,0,0.0765967
72,2097152,18,1,1,1,0.4,0,1.42077
24,524288,18,1,1,1,0.4,0,0.284578
72,2048,18,1,1,1,0.4,0,0.030853
72,524288,18,1,1,1,0.4,0,0.356253
24,8192,18,1,1,1,0.4,0,0.0271788
72,4096,18,1,1,1,0.4,0,0.0402391
96,2048,18,1,1,1,0.4,0,0.0316744
72,1048576,18,1,1,1,0.4,0,0.698627
72,8192,18,1,1,1,0.4,0,0.0452476
48,16384,18,1,1,1,0.4,0,0.0293434
96,16384,18,1,1,1,0.4,0,0.0356648
72,8192,18,1,1,1,0.4,0,0.0402679
48,4194304,18,1,1,1,0.4,0,3.50848
96,524288,18,1,1,1,0.4,0,0.33648
96,131072,18,1,1,1,0.4,0,0.0617156
48,2097152,18,1,1,1,0.4,0,1.75796
96,1024,18,1,1,1,0.4,0,0.0234253
72,32768,18,1,1,1,0.4,0,0.0416491
24,1048576,18,1,1,1,0.4,0,1.13246
24,1048576,18,1,1,1,0.4,0,0.580317
48,32768,18,1,1,1,0.4,0,0.0510983
48,524288,18,1,1,1,0.4,0,0.173963
48,1048576,18,1,1,1,0.4,0,0.363442
96,1048576,18,1,1,1,0.4,0,0.65905
48,524288,18,1,1,1,0.4,0,0.413813
48,1048576,18,1,1,1,0.4,0,0.842759
72,1048576,18,1,1,1,0.4,0,0.499517
72,262144,18,1,1,1,0.4,0,0.203089
96,16384,18,1,1,1,0.4,0,0.0414484
72,65536,18,1,1,1,0.4,0,0.0574458
24,131072,18,1,1,1,0.4,0,0.143024
96,65536,18,1,1,1,0.4,0,0.0743449
24,131072,18,1,1,1,0.4,0,0.0777447
96,2097152,18,1,1,1,0.4,0,1.00566
48,16384,18,1,1,1,0.4,0,0.0429115
24,2048,18,1,1,1,0.4,0,0.0198355
96,524288,18,1,1,1,0.4,0,0.191346
24,16384,18,1,1,1,0.4,0,0.0328569
96,4096,18,1,1,1,0.4,0,0.0348539
72,131072,18,1,1,1,0.4,0,0.0664253
72,2097152,18,1,1,1,0.4,0,1.24276
96,8192,18,1,1,1,0.4,0,0.0311539
72,1024,18,1,1,1,0.4,0,0.0282524
24,524288,18,1,1,1,0.4,0,0.542072
48,8192,18,1,1,1,0.4,0,0.0302727
48,32768,18,1,1,1,0.4,0,0.0464671
48,1024,18,1,1,1,0.4,0,0.022284
72,4194304,18,1,1,1,0.4,0,2.7542
96,262144,18,1,1,1,0.4,0,0.111307
48,262144,18,1,1,1,0.4,0,0.127081
72,524288,18,1,1,1,0.4,0,0.214466
48,131072,18,1,1,1,0.4,0,0.0572431
72,131072,18,1,1,1,0.4,0,0.104493
72,32768,18,1,1,1,0.4,0,0.0493128
96,131072,18,1,1,1,0.4,0,0.104165
48,8192,18,1,1,1,0.4,0,0.0353782
24,4194304,18,1,1,1,0.4,0,4.65995
24,65536,18,1,1,1,0.4,0,0.080493
24,2048,18,1,1,1,0.4,0,0.0202644
24,32768,18,1,1,1,0.4,0,0.0505848
96,32768,18,1,1,1,0.4,0,0.0361762
96,2097152,18,1,1,1,0.4,0,1.33748
72,16384,18,1,1,1,0.4,0,0.0496433
24,4096,19,1,1,1,0.4,0,0.0198295
96,4194304,19,1,1,1,0.4,0,2.6699
24,4194304,19,1,1,1,0.4,0,3.91902
24,65536,19,1,1,1,0.4,0,0.0631042
48,4194304,19,1,1,1,0.4,0,2.43658
24,8192,19,1,1,1,0.4,0,0.01952
24,2097152,19,1,1,1,0.4,0,1.7516
96,262144,19,1,1,1,0.4,0,0.180443
96,1048576,19,1,1,1,0.4,0,0.379113
24,1024,19,1,1,1,0.4,0,0.0145662
24,4096,19,1,1,1,0.4,0,0.0187604
72,1024,19,1,1,1,0.4,0,0.0214064
72,262144,19,1,1,1,0.4,0,0.124043
48,2048,19,1,1,1,0.4,0,0.0276711
24,1024,19,1,1,1,0.4,0,0.0153823
48,4096,19,1,1,1,0.4,0,0.0303185
72,2048,19,1,1,1,0.4,0,0.0362153
48,131072,19,1,1,1,0.4,0,0.122993
72,4096,19,1,1,1,0.4,0,0.0356307
24,2097152,19,1,1,1,0.4,0,2.37018
24,32768,19,1,1,1,0.4,0,0.0387135
24,262144,19,1,1,1,0.4,0,0.2865
96,8192,19,1,1,1,0.4,0,0.0361514
24,16384,19,1,1,1,0.4,0,0.0340755
72,16384,19,1,1,1,0.4,0,0.0366578
96,32768,19,1,1,1,0.4,0,0.0531259
48,2097152,19,1,1,1,0.4,0,1.11028
48,65536,19,1,1,1,0.4,0,0.0477326
48,4096,19,1,1,1,0.4,0,0.0286741
48,1024,19,1,1,1,0.4,0,0.018975
96,4194304,19,1,1,1,0.4,0,1.68113
24,262144,19,1,1,1,0.4,0,0.183615
96,4096,19,1,1,1,0.4,0,0.0298436
96,65536,19,1,1,1,0.4,0,0.0542591
48,2048,19,1,1,1,0.4,0,0.0288317
96,1024,19,1,1,1,0.4,0,0.0223687
72,4194304,19,1,1,1,0.4,0,2.88298
72,65536,19,1,1,1,0.4,0,0.068459
48,262144,19,1,1,1,0.4,0,0.215155
96,2048,19,1,1,1,0.4,0,0.0270247
48,65536,19,1,1,1,0.4,0,0.0741606
72,2097152,19,1,1,1,0.4,0,1.45478
24,524288,19,1,1,1,0.4,0,0.335776
72,2048,19,1,1,1,0.4,0,0.0347228
72,524288,19,1,1,1,0.4,0,0.346261
24,8192,19,1,1,1,0.4,0,0.0260868
72,4096,19,1,1,1,0.4,0,0.0355585
96,2048,19,1,1,1,0.4,0,0.0295844
72,1048576,19,1,1,1,0.4,0,0.694033
72,8192,19,1,1,1,0.4,0,0.0401859
48,16384,19,1,1,1,0.4,0,0.0346887
96,16384,19,1,1,1,0.4,0,0.0338717
72,8192,19,1,1,1,0.4,0,0.0327106
48,4194304,19,1,1,1,0.4,0,3.59969
96,524288,19,1,1,1,0.4,0,0.340488
96,131072,19,1,1,1,0.4,0,0.0670311
48,2097152,19,1,1,1,0.4,0,1.7875
96,1024,19,1,1,1,0.4,0,0.0236118
72,32768,19,1,1,1,0.4,0,0.043452
24,1048576,19,1,1,1,0.4,0,1.12433
24,1048576,19,1,1,1,0.4,0,0.781528
48,32768,19,1,1,1,0.4,0,0.0474155
48,524288,19,1,1,1,0.4,0,0.233849
48,1048576,19,1,1,1,0.4,0,0.544955
96,1048576,19,1,1,1,0.4,0,0.659387
48,524288,19,1,1,1,0.4,0,0.422397
48,1048576,19,1,1,1,0.4,0,0.846333
72,1048576,19,1,1,1,0.4,0,0.423063
72,262144,19,1,1,1,0.4,0,0.181509
96,16384,19,1,1,1,0.4,0,0.0447793
72,65536,19,1,1,1,0.4,0,0.0572884
24,131072,19,1,1,1,0.4,0,0.145569
96,65536,19,1,1,1,0.4,0,0.0722835
24,131072,19,1,1,1,0.4,0,0.0963297
96,2097152,19,1,1,1,0.4,0,0.748447
48,16384,19,1,1,1,0.4,0,0.0395842
24,2048,19,1,1,1,0.4,0,0.0206571
96,524288,19,1,1,1,0.4,0,0.189004
24,16384,19,1,1,1,0.4,0,0.0258038
96,4096,19,1,1,1,0.4,0,0.0331812
72,131072,19,1,1,1,0.4,0,0.0675447
72,2097152,19,1,1,1,0.4,0,0.868552
96,8192,19,1,1,1,0.4,0,0.0304551
72,1024,19,1,1,1,0.4,0,0.0283601
24,524288,19,1,1,1,0.4,0,0.540668
48,8192,19,1,1,1,0.4,0,0.0280445
48,32768,19,1,1,1,0.4,0,0.0344224
48,1024,19,1,1,1,0.4,0,0.0257885
72,4194304,19,1,1,1,0.4,0,1.97625
96,262144,19,1,1,1,0.4,0,0.108535
48,262144,19,1,1,1,0.4,0,0.134495
72,524288,19,1,1,1,0.4,0,0.206258
48,131072,19,1,1,1,0.4,0,0.0707946
72,131072,19,1,1,1,0.4,0,0.105654
72,32768,19,1,1,1,0.4,0,0.0517359
96,131072,19,1,1,1,0.4,0,0.10977
48,8192,19,1,1,1,0.4,0,0.0298231
24,4194304,19,1,1,1,0.4,0,4.84389
24,65536,19,1,1,1,0.4,0,0.0854096
24,2048,19,1,1,1,0.4,0,0.0197599
24,32768,19,1,1,1,0.4,0,0.0511875
96,32768,19,1,1,1,0.4,0,0.035454
96,2097152,19,1,1,1,0.4,0,1.35256
72,16384,19,1,1,1,0.4,0,0.0470231
24,4096,17,1,1,1,0.4,0,0.0223348
96,4194304,17,1,1,1,0.4,0,2.54558
24,4194304,17,1,1,1,0.4,0,5.24613
24,65536,17,1,1,1,0.4,0,0.0522668
48,4194304,17,1,1,1,0.4,0,3.48882
24,8192,17,1,1,1,0.4,0,0.0199909
24,2097152,17,1,1,1,0.4,0,2.26789
96,262144,17,1,1,1,0.4,0,0.175276
96,1048576,17,1,1,1,0.4,0,0.456823
24,1024,17,1,1,1,0.4,0,0.0137455
24,4096,17,1,1,1,0.4,0,0.0209298
72,1024,17,1,1,1,0.4,0,0.026726
72,262144,17,1,1,1,0.4,0,0.118483
48,2048,17,1,1,1,0.4,0,0.0300968
24,1024,17,1,1,1,0.4,0,0.0196092
48,4096,17,1,1,1,0.4,0,0.0320182
72,2048,17,1,1,1,0.4,0,0.0308883
48,131072,17,1,1,1,0.4,0,0.118032
72,4096,17,1,1,1,0.4,0,0.0403516
24,2097152,17,1,1,1,0.4,0,2.29746
24,32768,17,1,1,1,0.4,0,0.0338876
24,262144,17,1,1,1,0.4,0,0.255726
96,8192,17,1,1,1,0.4,0,0.0395594
24,16384,17,1,1,1,0.4,0,0.0336487
72,16384,17,1,1,1,0.4,0,0.0460224
96,32768,17,1,1,1,0.4,0,0.0530031
48,2097152,17,1,1,1,0.4,0,1.53345
48,65536,17,1,1,1,0.4,0,0.0581479
48,4096,17,1,1,1,0.4,0,0.0265713
48,1024,17,1,1,1,0.4,0,0.0207381
96,4194304,17,1,1,1,0.4,0,2.17559
24,262144,17,1,1,1,0.4,0,0.176371
96,4096,17,1,1,1,0.4,0,0.0303693
96,65536,17,1,1,1,0.4,0,0.0568006
48,2048,17,1,1,1,0.4,0,0.0244851
96,1024,17,1,1,1,0.4,0,0.0221276
72,4194304,17,1,1,1,0.4,0,2.69854
72,65536,17,1,1,1,0.4,0,0.0646937
48,262144,17,1,1,1,0.4,0,0.205106
96,2048,17,1,1,1,0.4,0,0.0256188
48,65536,17,1,1,1,0.4,0,0.0739374
72,2097152,17,1,1,1,0.4,0,1.38459
24,524288,17,1,1,1,0.4,0,0.373059
72,2048,17,1,1,1,0.4,0,0.0297108
72,524288,17,1,1,1,0.4,0,0.333968
24,8192,17,1,1,1,0.4,0,0.030278
72,4096,17,1,1,1,0.4,0,0.0373023
96,2048,17,1,1,1,0.4,0,0.030807
72,1048576,17,1,1,1,0.4,0,0.656597
72,8192,17,1,1,1,0.4,0,0.0458186
48,16384,17,1,1,1,0.4,0,0.0375185
96,16384,17,1,1,1,0.4,0,0.0361354
72,8192,17,1,1,1,0.4,0,0.0362561
48,4194304,17,1,1,1,0.4,0,3.32595
96,524288,17,1,1,1,0.4,0,0.330107
96,131072,17,1,1,1,0.4,0,0.0771365
48,2097152,17,1,1,1,0.4,0,1.70693
96,1024,17,1,1,1,0.4,0,0.0236154
72,32768,17,1,1,1,0.4,0,0.0465453
24,1048576,17,1,1,1,0.4,0,1.0906
24,1048576,17,1,1,1,0.4,0,0.895823
48,32768,17,1,1,1,0.4,0,0.0486982
48,524288,17,1,1,1,0.4,0,0.264688
48,1048576,17,1,1,1,0.4,0,0.600311
96,1048576,17,1,1,1,0.4,0,0.636355
48,524288,17,1,1,1,0.4,0,0.401885
48,1048576,17,1,1,1,0.4,0,0.815575
72,1048576,17,1,1,1,0.4,0,0.513183
72,262144,17,1,1,1,0.4,0,0.18043
96,16384,17,1,1,1,0.4,0,0.0429535
72,65536,17,1,1,1,0.4,0,0.0604055
24,131072,17,1,1,1,0.4,0,0.153268
96,65536,17,1,1,1,0.4,0,0.0693128
24,131072,17,1,1,1,0.4,0,0.079927
96,2097152,17,1,1,1,0.4,0,1.06361
48,16384,17,1,1,1,0.4,0,0.0382674
24,2048,17,1,1,1,0.4,0,0.0186486
96,524288,17,1,1,1,0.4,0,0.196762
24,16384,17,1,1,1,0.4,0,0.0274286
96,4096,17,1,1,1,0.4,0,0.0342681
72,131072,17,1,1,1,0.4,0,0.0802381
72,2097152,17,1,1,1,0.4,0,1.19414
96,8192,17,1,1,1,0.4,0,0.0327852
72,1024,17,1,1,1,0.4,0,0.0299132
24,524288,17,1,1,1,0.4,0,0.522013
48,8192,17,1,1,1,0.4,0,0.0301554
48,32768,17,1,1,1,0.4,0,0.0438838
48,1024,17,1,1,1,0.4,0,0.0270724
72,4194304,17,1,1,1,0.4,0,2.53877
96,262144,17,1,1,1,0.4,0,0.103931
48,262144,17,1,1,1,0.4,0,0.129377
72,524288,17,1,1,1,0.4,0,0.228665
48,131072,17,1,1,1,0.4,0,0.0716622
72,131072,17,1,1,1,0.4,0,0.102498
72,32768,17,1,1,1,0.4,0,0.0500114
96,131072,17,1,1,1,0.4,0,0.10178
48,8192,17,1,1,1,0.4,0,0.0325143
24,4194304,17,1,1,1,0.4,0,4.65218
24,65536,17,1,1,1,0.4,0,0.0794883
24,2048,17,1,1,1,0.4,0,0.0186605
24,32768,17,1,1,1,0.4,0,0.0488126
96,32768,17,1,1,1,0.4,0,0.0390477
96,2097152,17,1,1,1,0.4,0,1.29245
72,16384,17,1,1,1,0.4,0,0.0415237
24,4096,18,1,1,1,0.1,0,0.018615
96,4194304,18,1,1,1,0.1,0,2.66607
24,4194304,18,1,1,1,0.1,0,4.54989
24,65536,18,1,1,1,0.1,0,0.0583549
48,4194304,18,1,1,1,0.1,0,2.93188
24,8192,18,1,1,1,0.1,0,0.0254097
24,2097152,18,1,1,1,0.1,0,1.94731
96,262144,18,1,1,1,0.1,0,0.176231
96,1048576,18,1,1,1,0.1,0,0.618514
24,1024,18,1,1,1,0.1,0,0.0196137
24,4096,18,1,1,1,0.1,0,0.025362
72,1024,18,1,1,1,0.1,0,0.0269139
72,262144,18,1,1,1,0.1,0,0.181471
48,2048,18,1,1,1,0.1,0,0.0271411
24,1024,18,1,1,1,0.1,0,0.0157528
48,4096,18,1,1,1,0.1,0,0.028708
72,2048,18,1,1,1,0.1,0,0.0289593
48,131072,18,1,1,1,0.1,0,0.11995
72,4096,18,1,1,1,0.1,0,0.0377684
24,2097152,18,1,1,1,0.1,0,2.36982
24,32768,18,1,1,1,0.1,0,0.0426366
24,262144,18,1,1,1,0.1,0,0.267733
96,8192,18,1,1,1,0.1,0,0.0345521
24,16384,18,1,1,1,0.1,0,0.033596
72,16384,18,1,1,1,0.1,0,0.0452065
96,32768,18,1,1,1,0.1,0,0.0501413
48,2097152,18,1,1,1,0.1,0,1.2745
48,65536,18,1,1,1,0.1,0,0.0568132
48,4096,18,1,1,1,0.1,0,0.0271149
48,1024,18,1,1,1,0.1,0,0.0205297
96,4194304,18,1,1,1,0.1,0,3.1002
24,262144,18,1,1,1,0.1,0,0.264504
96,4096,18,1,1,1,0.1,0,0.0328765
96,65536,18,1,1,1,0.1,0,0.0550342
48,2048,18,1,1,1,0.1,0,0.023612
96,1024,18,1,1,1,0.1,0,0.0218959
72,4194304,18,1,1,1,0.1,0,2.87738
72,65536,18,1,1,1,0.1,0,0.0648937
48,262144,18,1,1,1,0.1,0,0.210543
96,2048,18,1,1,1,0.1,0,0.027158
48,65536,18,1,1,1,0.1,0,0.0729499
72,2097152,18,1,1,1,0.1,0,1.433
24,524288,18,1,1,1,0.1,0,0.370204
72,2048,18,1,1,1,0.1,0,0.0245798
72,524288,18,1,1,1,0.1,0,0.351996
24,8192,18,1,1,1,0.1,0,0.0263653
72,4096,18,1,1,1,0.1,0,0.0384228
96,2048,18,1,1,1,0.1,0,0.0267696
72,1048576,18,1,1,1,0.1,0,0.695322
72,8192,18,1,1,1,0.1,0,0.0460172
48,16384,18,1,1,1,0.1,0,0.0343995
96,16384,18,1,1,1,0.1,0,0.0355229
72,8192,18,1,1,1,0.1,0,0.0356882
48,4194304,18,1,1,1,0.1,0,3.55772
96,524288,18,1,1,1,0.1,0,0.33509
96,131072,18,1,1,1,0.1,0,0.068857
48,2097152,18,1,1,1,0.1,0,1.76848
96,1024,18,1,1,1,0.1,0,0.0206182
72,32768,18,1,1,1,0.1,0,0.0453041
24,1048576,18,1,1,1,0.1,0,1.12987
24,1048576,18,1,1,1,0.1,0,0.881507
48,32768,18,1,1,1,0.1,0,0.0477605
48,524288,18,1,1,1,0.1,0,0.270577
48,1048576,18,1,1,1,0.1,0,0.577081
96,1048576,18,1,1,1,0.1,0,0.653832
48,524288,18,1,1,1,0.1,0,0.418514
48,1048576,18,1,1,1,0.1,0,0.885841
72,1048576,18,1,1,1,0.1,0,0.669302
72,262144,18,1,1,1,0.1,0,0.177305
96,16384,18,1,1,1,0.1,0,0.0396473
72,65536,18,1,1,1,0.1,0,0.068162
24,131072,18,1,1,1,0.1,0,0.143489
96,65536,18,1,1,1,0.1,0,0.0686386
24,131072,18,1,1,1,0.1,0,0.0989859
96,2097152,18,1,1,1,0.1,0,1.36257
48,16384,18,1,1,1,0.1,0,0.033994
24,2048,18,1,1,1,0.1,0,0.0178931
96,524288,18,1,1,1,0.1,0,0.270636
24,16384,18,1,1,1,0.1,0,0.0263729
96,4096,18,1,1,1,0.1,0,0.0330994
72,131072,18,1,1,1,0.1,0,0.0726845
72,2097152,18,1,1,1,0.1,0,1.56217
96,8192,18,1,1,1,0.1,0,0.0304012
72,1024,18,1,1,1,0.1,0,0.0306671
24,524288,18,1,1,1,0.1,0,0.550261
48,8192,18,1,1,1,0.1,0,0.0325384
48,32768,18,1,1,1,0.1,0,0.0404243
48,1024,18,1,1,1,0.1,0,0.0290039
72,4194304,18,1,1,1,0.1,0,3.65041
96,262144,18,1,1,1,0.1,0,0.165637
48,262144,18,1,1,1,0.1,0,0.192319
72,524288,18,1,1,1,0.1,0,0.285887
48,131072,18,1,1,1,0.1,0,0.0744002
72,131072,18,1,1,1,0.1,0,0.105933
72,32768,18,1,1,1,0.1,0,0.0494561
96,131072,18,1,1,1,0.1,0,0.103474
48,8192,18,1,1,1,0.1,0,0.028311
24,4194304,18,1,1,1,0.1,0,4.76199
24,65536,18,1,1,1,0.1,0,0.0789144
24,2048,18,1,1,1,0.1,0,0.0178328
24,32768,18,1,1,1,0.1,0,0.0492895
96,32768,18,1,1,1,0.1,0,0.0345023
96,2097152,18,1,1,1,0.1,0,1.34994
72,16384,18,1,1,1,0.1,0,0.0414517
24,4096,18,1,1,1,0.9,0,0.041487
96,4194304,18,1,1,1,0.9,0,2.50795
24,4194304,18,1,1,1,0.9,0,2.68165
24,65536,18,1,1,1,0.9,0,0.0503209
48,4194304,18,1,1,1,0.9,0,1.58371
24,8192,18,1,1,1,0.9,0,0.0232038
24,2097152,18,1,1,1,0.9,0,1.20452
96,262144,18,1,1,1,0.9,0,0.208096
96,1048576,18,1,1,1,0.9,0,0.431158
24,1024,18,1,1,1,0.9,0,0.0170493
24,4096,18,1,1,1,0.9,0,0.0259657
72,1024,18,1,1,1,0.9,0,0.0459878
72,262144,18,1,1,1,0.9,0,0.103507
48,2048,18,1,1,1,0.9,0,0.0362122
24,1024,18,1,1,1,0.9,0,0.0255024
48,4096,18,1,1,1,0.9,0,0.0332518
72,2048,18,1,1,1,0.9,0,0.0352631
48,131072,18,1,1,1,0.9,0,0.145852
72,4096,18,1,1,1,0.9,0,0.0782387
24,2097152,18,1,1,1,0.9,0,2.18151
24,32768,18,1,1,1,0.9,0,0.0310962
24,262144,18,1,1,1,0.9,0,0.279726
96,8192,18,1,1,1,0.9,0,0.0591156
24,16384,18,1,1,1,0.9,0,0.0548258
72,16384,18,1,1,1,0.9,0,0.0513601
96,32768,18,1,1,1,0.9,0,0.0835669
48,2097152,18,1,1,1,0.9,0,0.735168
48,65536,18,1,1,1,0.9,0,0.0513961
48,4096,18,1,1,1,0.9,0,0.0649443
48,1024,18,1,1,1,0.9,0,0.0337965
96,4194304,18,1,1,1,0.9,0,2.07569
24,262144,18,1,1,1,0.9,0,0.162948
96,4096,18,1,1,1,0.9,0,0.0308306
96,65536,18,1,1,1,0.9,0,0.0618465
48,2048,18,1,1,1,0.9,0,0.0480657
96,1024,18,1,1,1,0.9,0,0.0331273
72,4194304,18,1,1,1,0.9,0,2.71905
72,65536,18,1,1,1,0.9,0,0.103155
48,262144,18,1,1,1,0.9,0,0.232579
96,2048,18,1,1,1,0.9,0,0.0327826
48,65536,18,1,1,1,0.9,0,0.106211
72,2097152,18,1,1,1,0.9,0,1.31967
24,524288,18,1,1,1,0.9,0,0.257507
72,2048,18,1,1,1,0.9,0,0.0534577
72,524288,18,1,1,1,0.9,0,0.361482
24,8192,18,1,1,1,0.9,0,0.0504353
72,4096,18,1,1,1,0.9,0,0.0464962
96,2048,18,1,1,1,0.9,0,0.0418489
72,1048576,18,1,1,1,0.9,0,0.660903
72,8192,18,1,1,1,0.9,0,0.0789325
48,16384,18,1,1,1,0.9,0,0.0402527
96,16384,18,1,1,1,0.9,0,0.0430477
72,8192,18,1,1,1,0.9,0,0.0406716
48,4194304,18,1,1,1,0.9,0,3.31262
96,524288,18,1,1,1,0.9,0,0.347434
96,131072,18,1,1,1,0.9,0,0.0662584
48,2097152,18,1,1,1,0.9,0,1.66916
96,1024,18,1,1,1,0.9,0,0.0305905
72,32768,18,1,1,1,0.9,0,0.0471921
24,1048576,18,1,1,1,0.9,0,1.04845
24,1048576,18,1,1,1,0.9,0,0.549135
48,32768,18,1,1,1,0.9,0,0.0810039
48,524288,18,1,1,1,0.9,0,0.164413
48,1048576,18,1,1,1,0.9,0,0.348809
96,1048576,18,1,1,1,0.9,0,0.648765
48,524288,18,1,1,1,0.9,0,0.422472
48,1048576,18,1,1,1,0.9,0,0.808373
72,1048576,18,1,1,1,0.9,0,0.484122
72,262144,18,1,1,1,0.9,0,0.203782
96,16384,18,1,1,1,0.9,0,0.065979
72,65536,18,1,1,1,0.9,0,0.0569713
24,131072,18,1,1,1,0.9,0,0.164332
96,65536,18,1,1,1,0.9,0,0.10578
24,131072,18,1,1,1,0.9,0,0.0777853
96,2097152,18,1,1,1,0.9,0,0.946593
48,16384,18,1,1,1,0.9,0,0.0608714
24,2048,18,1,1,1,0.9,0,0.0285513
96,524288,18,1,1,1,0.9,0,0.184401
24,16384,18,1,1,1,0.9,0,0.028439
96,4096,18,1,1,1,0.9,0,0.0581503
72,131072,18,1,1,1,0.9,0,0.0713189
72,2097152,18,1,1,1,0.9,0,1.16393
96,8192,18,1,1,1,0.9,0,0.0361257
72,1024,18,1,1,1,0.9,0,0.0420375
24,524288,18,1,1,1,0.9,0,0.518829
48,8192,18,1,1,1,0.9,0,0.0380802
48,32768,18,1,1,1,0.9,0,0.0386415
48,1024,18,1,1,1,0.9,0,0.0299938
72,4194304,18,1,1,1,0.9,0,2.66983
96,262144,18,1,1,1,0.9,0,0.108234
48,262144,18,1,1,1,0.9,0,0.125114
72,524288,18,1,1,1,0.9,0,0.225147
48,131072,18,1,1,1,0.9,0,0.0598137
72,131072,18,1,1,1,0.9,0,0.136924
72,32768,18,1,1,1,0.9,0,0.0842764
96,131072,18,1,1,1,0.9,0,0.137836
48,8192,18,1,1,1,0.9,0,0.0709016
24,4194304,18,1,1,1,0.9,0,4.54678
24,65536,18,1,1,1,0.9,0,0.104446
24,2048,18,1,1,1,0.9,0,0.0221899
24,32768,18,1,1,1,0.9,0,0.0769389
96,32768,18,1,1,1,0.9,0,0.0365331
96,2097152,18,1,1,1,0.9,0,1.25624
72,16384,18,1,1,1,0.9,0,0.0827415
24,4096,18,1,1,1,0.65,0,0.0246508
96,4194304,18,1,1,1,0.65,0,2.50725
24,4194304,18,1,1,1,0.65,0,2.81745
24,65536,18,1,1,1,0.65,0,0.0476756
48,4194304,18,1,1,1,0.65,0,1.68575
24,8192,18,1,1,1,0.65,0,0.020705
24,2097152,18,1,1,1,0.65,0,1.27665
96,262144,18,1,1,1,0.65,0,0.20149
96,1048576,18,1,1,1,0.65,0,0.465276
24,1024,18,1,1,1,0.65,0,0.0130861
24,4096,18,1,1,1,0.65,0,0.0197711
72,1024,18,1,1,1,0.65,0,0.036391
72,262144,18,1,1,1,0.65,0,0.110024
48,2048,18,1,1,1,0.65,0,0.0380571
24,1024,18,1,1,1,0.65,0,0.0225573
48,4096,18,1,1,1,0.65,0,0.0281022
72,2048,18,1,1,1,0.65,0,0.0307095
48,131072,18,1,1,1,0.65,0,0.13141
72,4096,18,1,1,1,0.65,0,0.059099
24,2097152,18,1,1,1,0.65,0,2.20069
24,32768,18,1,1,1,0.65,0,0.0342448
24,262144,18,1,1,1,0.65,0,0.277934
96,8192,18,1,1,1,0.65,0,0.0460298
24,16384,18,1,1,1,0.65,0,0.0486314
72,16384,18,1,1,1,0.65,0,0.0435946
96,32768,18,1,1,1,0.65,0,0.0672743
48,2097152,18,1,1,1,0.65,0,0.789891
48,65536,18,1,1,1,0.65,0,0.0505228
48,4096,18,1,1,1,0.65,0,0.0428021
48,1024,18,1,1,1,0.65,0,0.0287118
96,4194304,18,1,1,1,0.65,0,2.19416
24,262144,18,1,1,1,0.65,0,0.166184
96,4096,18,1,1,1,0.65,0,0.0296581
96,65536,18,1,1,1,0.65,0,0.0560794
48,2048,18,1,1,1,0.65,0,0.0346541
96,1024,18,1,1,1,0.65,0,0.0278122
72,4194304,18,1,1,1,0.65,0,2.65817
72,65536,18,1,1,1,0.65,0,0.109945
48,262144,18,1,1,1,0.65,0,0.232463
96,2048,18,1,1,1,0.65,0,0.0287478
48,65536,18,1,1,1,0.65,0,0.0915828
72,2097152,18,1,1,1,0.65,0,1.34365
24,524288,18,1,1,1,0.65,0,0.272196
72,2048,18,1,1,1,0.65,0,0.0390472
72,524288,18,1,1,1,0.65,0,0.381297
24,8192,18,1,1,1,0.65,0,0.0394309
72,4096,18,1,1,1,0.65,0,0.0389035
96,2048,18,1,1,1,0.65,0,0.0431273
72,1048576,18,1,1,1,0.65,0,0.702717
72,8192,18,1,1,1,0.65,0,0.0649414
48,16384,18,1,1,1,0.65,0,0.0363088
96,16384,18,1,1,1,0.65,0,0.0362811
72,8192,18,1,1,1,0.65,0,0.0289085
48,4194304,18,1,1,1,0.65,0,3.33095
96,524288,18,1,1,1,0.65,0,0.362284
96,131072,18,1,1,1,0.65,0,0.0660329
48,2097152,18,1,1,1,0.65,0,1.7058
96,1024,18,1,1,1,0.65,0,0.0240076
72,32768,18,1,1,1,0.65,0,0.0461872
24,1048576,18,1,1,1,0.65,0,1.04048
24,1048576,18,1,1,1,0.65,0,0.573446
48,32768,18,1,1,1,0.65,0,0.0656717
48,524288,18,1,1,1,0.65,0,0.170271
48,1048576,18,1,1,1,0.65,0,0.373545
96,1048576,18,1,1,1,0.65,0,0.649572
48,524288,18,1,1,1,0.65,0,0.475502
48,1048576,18,1,1,1,0.65,0,0.802937
72,1048576,18,1,1,1,0.65,0,0.498031
72,262144,18,1,1,1,0.65,0,0.198835
96,16384,18,1,1,1,0.65,0,0.0576382
72,65536,18,1,1,1,0.65,0,0.0556986
24,131072,18,1,1,1,0.65,0,0.159039
96,65536,18,1,1,1,0.65,0,0.0878577
24,131072,18,1,1,1,0.65,0,0.0825548
96,2097152,18,1,1,1,0.65,0,1.00069
48,16384,18,1,1,1,0.65,0,0.0595388
24,2048,18,1,1,1,0.65,0,0.0215015
96,524288,18,1,1,1,0.65,0,0.191715
24,16384,18,1,1,1,0.65,0,0.0263207
96,4096,18,1,1,1,0.65,0,0.0435381
72,131072,18,1,1,1,0.65,0,0.0607228
72,2097152,18,1,1,1,0.65,0,1.23309
96,8192,18,1,1,1,0.65,0,0.0322568
72,1024,18,1,1,1,0.65,0,0.0311115
24,524288,18,1,1,1,0.65,0,0.554351
48,8192,18,1,1,1,0.65,0,0.024914
48,32768,18,1,1,1,0.65,0,0.0396676
48,1024,18,1,1,1,0.65,0,0.0233219
72,4194304,18,1,1,1,0.65,0,2.76885
96,262144,18,1,1,1,0.65,0,0.107041
48,262144,18,1,1,1,0.65,0,0.133783
72,524288,18,1,1,1,0.65,0,0.218605
48,131072,18,1,1,1,0.65,0,0.0600338
72,131072,18,1,1,1,0.65,0,0.134174
72,32768,18,1,1,1,0.65,0,0.0652587
96,131072,18,1,1,1,0.65,0,0.125008
48,8192,18,1,1,1,0.65,0,0.0481446
24,4194304,18,1,1,1,0.65,0,4.59476
24,65536,18,1,1,1,0.65,0,0.0943797
24,2048,18,1,1,1,0.65,0,0.0189979
24,32768,18,1,1,1,0.65,0,0.0592058
96,32768,18,1,1,1,0.65,0,0.0317681
96,2097152,18,1,1,1,0.65,0,1.25785
72,16384,18,1,1,1,0.65,0,0.0672276
24,4096,18,1,1,1,0.775,0,0.0314834
96,4194304,18,1,1,1,0.775,0,2.50821
24,4194304,18,1,1,1,0.775,0,2.72602
24,65536,18,1,1,1,0.775,0,0.0488968
48,4194304,18,1,1,1,0.775,0,1.60349
24,8192,18,1,1,1,0.775,0,0.0195858
24,2097152,18,1,1,1,0.775,0,1.20258
96,262144,18,1,1,1,0.775,0,0.209619
96,1048576,18,1,1,1,0.775,0,0.439021
24,1024,18,1,1,1,0.775,0,0.016391
24,4096,18,1,1,1,0.775,0,0.0243704
72,1024,18,1,1,1,0.775,0,0.0423081
72,262144,18,1,1,1,0.775,0,0.10489
48,2048,18,1,1,1,0.775,0,0.0265584
24,1024,18,1,1,1,0.775,0,0.0238101
48,4096,18,1,1,1,0.775,0,0.0354757
72,2048,18,1,1,1,0.775,0,0.0314412
48,131072,18,1,1,1,0.775,0,0.151761
72,4096,18,1,1,1,0.775,0,0.0703032
24,2097152,18,1,1,1,0.775,0,2.19812
24,32768,18,1,1,1,0.775,0,0.0331535
24,262144,18,1,1,1,0.775,0,0.258812
96,8192,18,1,1,1,0.775,0,0.0553243
24,16384,18,1,1,1,0.775,0,0.0526841
72,16384,18,1,1,1,0.775,0,0.0451665
96,32768,18,1,1,1,0.775,0,0.0848422
48,2097152,18,1,1,1,0.775,0,0.749825
48,65536,18,1,1,1,0.775,0,0.048497
48,4096,18,1,1,1,0.775,0,0.0508659
48,1024,18,1,1,1,0.775,0,0.0363309
96,4194304,18,1,1,1,0.775,0,2.08745
24,262144,18,1,1,1,0.775,0,0.163665
96,4096,18,1,1,1,0.775,0,0.0295804
96,65536,18,1,1,1,0.775,0,0.0560565
48,2048,18,1,1,1,0.775,0,0.0433123
96,1024,18,1,1,1,0.775,0,0.030998
72,4194304,18,1,1,1,0.775,0,2.66041
72,65536,18,1,1,1,0.775,0,0.10352
48,262144,18,1,1,1,0.775,0,0.241017
96,2048,18,1,1,1,0.775,0,0.0313675
48,65536,18,1,1,1,0.775,0,0.0998359
72,2097152,18,1,1,1,0.775,0,1.32356
24,524288,18,1,1,1,0.775,0,0.262652
72,2048,18,1,1,1,0.775,0,0.047616
72,524288,18,1,1,1,0.775,0,0.358219
24,8192,18,1,1,1,0.775,0,0.0398908
72,4096,18,1,1,1,0.775,0,0.0426002
96,2048,18,1,1,1,0.775,0,0.038271
72,1048576,18,1,1,1,0.775,0,0.658713
72,8192,18,1,1,1,0.775,0,0.0739515
48,16384,18,1,1,1,0.775,0,0.0345879
96,16384,18,1,1,1,0.775,0,0.0367713
72,8192,18,1,1,1,0.775,0,0.0308182
48,4194304,18,1,1,1,0.775,0,3.3213
96,524288,18,1,1,1,0.775,0,0.347187
96,131072,18,1,1,1,0.775,0,0.0630605
48,2097152,18,1,1,1,0.775,0,1.65232
96,1024,18,1,1,1,0.775,0,0.0275795
72,32768,18,1,1,1,0.775,0,0.0441401
24,1048576,18,1,1,1,0.775,0,1.06827
24,1048576,18,1,1,1,0.775,0,0.552122
48,32768,18,1,1,1,0.775,0,0.0788858
48,524288,18,1,1,1,0.775,0,0.178082
48,1048576,18,1,1,1,0.775,0,0.350967
96,1048576,18,1,1,1,0.775,0,0.647623
48,524288,18,1,1,1,0.775,0,0.437359
48,1048576,18,1,1,1,0.775,0,0.803388
72,1048576,18,1,1,1,0.775,0,0.514957
72,262144,18,1,1,1,0.775,0,0.206091
96,16384,18,1,1,1,0.775,0,0.0709488
72,65536,18,1,1,1,0.775,0,0.0624075
24,131072,18,1,1,1,0.775,0,0.166948
96,65536,18,1,1,1,0.775,0,0.10303
24,131072,18,1,1,1,0.775,0,0.0757804
96,2097152,18,1,1,1,0.775,0,0.951836
48,16384,18,1,1,1,0.775,0,0.0731704
24,2048,18,1,1,1,0.775,0,0.0248284
96,524288,18,1,1,1,0.775,0,0.182917
24,16384,18,1,1,1,0.775,0,0.0249376
96,4096,18,1,1,1,0.775,0,0.0465462
72,131072,18,1,1,1,0.775,0,0.0628302
72,2097152,18,1,1,1,0.775,0,1.16136
96,8192,18,1,1,1,0.775,0,0.0307126
72,1024,18,1,1,1,0.775,0,0.0348196
24,524288,18,1,1,1,0.775,0,0.511714
48,8192,18,1,1,1,0.775,0,0.0299566
48,32768,18,1,1,1,0.775,0,0.037349
48,1024,18,1,1,1,0.775,0,0.0304103
72,4194304,18,1,1,1,0.775,0,2.70442
96,262144,18,1,1,1,0.775,0,0.106557
48,262144,18,1,1,1,0.775,0,0.120023
72,524288,18,1,1,1,0.775,0,0.202085
48,131072,18,1,1,1,0.775,0,0.0586648
72,131072,18,1,1,1,0.775,0,0.159478
72,32768,18,1,1,1,0.775,0,0.0911875
96,131072,18,1,1,1,0.775,0,0.14072
48,8192,18,1,1,1,0.775,0,0.0523145
24,4194304,18,1,1,1,0.775,0,4.51298
24,65536,18,1,1,1,0.775,0,0.123406
24,2048,18,1,1,1,0.775,0,0.0186741
24,32768,18,1,1,1,0.775,0,0.0767443
96,32768,18,1,1,1,0.775,0,0.0320752
96,2097152,18,1,1,1,0.775,0,1.26488
72,16384,18,1,1,1,0.775,0,0.0797217
24,4096,18,1,1,1,0.8375,0,0.0379441
96,4194304,18,1,1,1,0.8375,0,2.50335
24,4194304,18,1,1,1,0.8375,0,2.7342
24,65536,18,1,1,1,0.8375,0,0.049696
48,4194304,18,1,1,1,0.8375,0,1.60382
24,8192,18,1,1,1,0.8375,0,0.0243437
24,2097152,18,1,1,1,0.8375,0,1.30412
96,262144,18,1,1,1,0.8375,0,0.206882
96,1048576,18,1,1,1,0.8375,0,0.436577
24,1024,18,1,1,1,0.8375,0,0.0185037
24,4096,18,1,1,1,0.8375,0,0.0192163
72,1024,18,1,1,1,0.8375,0,0.0458524
72,262144,18,1,1,1,0.8375,0,0.111423
48,2048,18,1,1,1,0.8375,0,0.033824
24,1024,18,1,1,1,0.8375,0,0.0344779
48,4096,18,1,1,1,0.8375,0,0.0287492
72,2048,18,1,1,1,0.8375,0,0.0315924
48,131072,18,1,1,1,0.8375,0,0.148799
72,4096,18,1,1,1,0.8375,0,0.0772657
24,2097152,18,1,1,1,0.8375,0,2.1618
24,32768,18,1,1,1,0.8375,0,0.0326979
24,262144,18,1,1,1,0.8375,0,0.27758
96,8192,18,1,1,1,0.8375,0,0.0606406
24,16384,18,1,1,1,0.8375,0,0.0528109
72,16384,18,1,1,1,0.8375,0,0.0483453
96,32768,18,1,1,1,0.8375,0,0.0982966
48,2097152,18,1,1,1,0.8375,0,0.78739
48,65536,18,1,1,1,0.8375,0,0.0567183
48,4096,18,1,1,1,0.8375,0,0.0605025
48,1024,18,1,1,1,0.8375,0,0.0436907
96,4194304,18,1,1,1,0.8375,0,2.09486
24,262144,18,1,1,1,0.8375,0,0.162192
96,4096,18,1,1,1,0.8375,0,0.0307534
96,65536,18,1,1,1,0.8375,0,0.0575302
48,2048,18,1,1,1,0.8375,0,0.0475371
96,1024,18,1,1,1,0.8375,0,0.0356379
72,4194304,18,1,1,1,0.8375,0,2.66084
72,65536,18,1,1,1,0.8375,0,0.100719
48,262144,18,1,1,1,0.8375,0,0.234574
96,2048,18,1,1,1,0.8375,0,0.0299191
48,65536,18,1,1,1,0.8375,0,0.102595
72,2097152,18,1,1,1,0.8375,0,1.32294
24,524288,18,1,1,1,0.8375,0,0.253982
72,2048,18,1,1,1,0.8375,0,0.0552843
72,524288,18,1,1,1,0.8375,0,0.372993
24,8192,18,1,1,1,0.8375,0,0.0441363
72,4096,18,1,1,1,0.8375,0,0.0395937
96,2048,18,1,1,1,0.8375,0,0.0431015
72,1048576,18,1,1,1,0.8375,0,0.666365
72,8192,18,1,1,1,0.8375,0,0.0849278
48,16384,18,1,1,1,0.8375,0,0.042624
96,16384,18,1,1,1,0.8375,0,0.0447917
72,8192,18,1,1,1,0.8375,0,0.038645
48,4194304,18,1,1,1,0.8375,0,3.37212
96,524288,18,1,1,1,0.8375,0,0.354063
96,131072,18,1,1,1,0.8375,0,0.0642967
48,2097152,18,1,1,1,0.8375,0,1.63055
96,1024,18,1,1,1,0.8375,0,0.0266116
72,32768,18,1,1,1,0.8375,0,0.0376303
24,1048576,18,1,1,1,0.8375,0,1.04285
24,1048576,18,1,1,1,0.8375,0,0.555252
48,32768,18,1,1,1,0.8375,0,0.080749
48,524288,18,1,1,1,0.8375,0,0.166231
48,1048576,18,1,1,1,0.8375,0,0.353836
96,1048576,18,1,1,1,0.8375,0,0.646244
48,524288,18,1,1,1,0.8375,0,0.425981
48,1048576,18,1,1,1,0.8375,0,0.799866
72,1048576,18,1,1,1,0.8375,0,0.50092
72,262144,18,1,1,1,0.8375,0,0.232993
96,16384,18,1,1,1,0.8375,0,0.0718381
72,65536,18,1,1,1,0.8375,0,0.0547252
24,131072,18,1,1,1,0.8375,0,0.165576
96,65536,18,1,1,1,0.8375,0,0.101965
24,131072,18,1,1,1,0.8375,0,0.0762532
96,2097152,18,1,1,1,0.8375,0,0.950007
48,16384,18,1,1,1,0.8375,0,0.0586255
24,2048,18,1,1,1,0.8375,0,0.0293522
96,524288,18,1,1,1,0.8375,0,0.185322
24,16384,18,1,1,1,0.8375,0,0.0288129
96,4096,18,1,1,1,0.8375,0,0.0557647
72,131072,18,1,1,1,0.8375,0,0.0634625
72,2097152,18,1,1,1,0.8375,0,1.18644
96,8192,18,1,1,1,0.8375,0,0.0393913
72,1024,18,1,1,1,0.8375,0,0.0328286
24,524288,18,1,1,1,0.8375,0,0.512275
48,8192,18,1,1,1,0.8375,0,0.0319066
48,32768,18,1,1,1,0.8375,0,0.0356603
48,1024,18,1,1,1,0.8375,0,0.0304801
72,4194304,18,1,1,1,0.8375,0,2.63716
96,262144,18,1,1,1,0.8375,0,0.107589
48,262144,18,1,1,1,0.8375,0,0.123209
72,524288,18,1,1,1,0.8375,0,0.244128
48,131072,18,1,1,1,0.8375,0,0.0611913
72,131072,18,1,1,1,0.8375,0,0.149036
72,32768,18,1,1,1,0.8375,0,0.0921605
96,131072,18,1,1,1,0.8375,0,0.142862
48,8192,18,1,1,1,0.8375,0,0.0583739
24,4194304,18,1,1,1,0.8375,0,4.48485
24,65536,18,1,1,1,0.8375,0,0.10552
24,2048,18,1,1,1,0.8375,0,0.0193975
24,32768,18,1,1,1,0.8375,0,0.0746517
96,32768,18,1,1,1,0.8375,0,0.0352621
96,2097152,18,1,1,1,0.8375,0,1.25589
72,16384,18,1,1,1,0.8375,0,0.0780115
24,4096,20,1,1,1,0.9,0,0.0380189
96,4194304,20,1,1,1,0.9,0,2.89904
24,4194304,20,1,1,1,0.9,0,2.99915
24,65536,20,1,1,1,0.9,0,0.0407326
48,4194304,20,1,1,1,0.9,0,1.68463
24,8192,20,1,1,1,0.9,0,0.020709
24,2097152,20,1,1,1,0.9,0,1.32008
96,262144,20,1,1,1,0.9,0,0.219033
96,1048576,20,1,1,1,0.9,0,0.249395
24,1024,20,1,1,1,0.9,0,0.0139878
24,4096,20,1,1,1,0.9,0,0.0170412
72,1024,20,1,1,1,0.9,0,0.0425243
72,262144,20,1,1,1,0.9,0,0.0832703
48,2048,20,1,1,1,0.9,0,0.0281289
24,1024,20,1,1,1,0.9,0,0.0218322
48,4096,20,1,1,1,0.9,0,0.0322661
72,2048,20,1,1,1,0.9,0,0.0333729
48,131072,20,1,1,1,0.9,0,0.15271
72,4096,20,1,1,1,0.9,0,0.0758936
24,2097152,20,1,1,1,0.9,0,2.61122
24,32768,20,1,1,1,0.9,0,0.0211847
24,262144,20,1,1,1,0.9,0,0.285777
96,8192,20,1,1,1,0.9,0,0.0619793
24,16384,20,1,1,1,0.9,0,0.0453041
72,16384,20,1,1,1,0.9,0,0.040525
96,32768,20,1,1,1,0.9,0,0.0850437
48,2097152,20,1,1,1,0.9,0,0.767026
48,65536,20,1,1,1,0.9,0,0.0342257
48,4096,20,1,1,1,0.9,0,0.0637088
48,1024,20,1,1,1,0.9,0,0.0411725
96,4194304,20,1,1,1,0.9,0,1.07757
24,262144,20,1,1,1,0.9,0,0.136265
96,4096,20,1,1,1,0.9,0,0.0329661
96,65536,20,1,1,1,0.9,0,0.0510039
48,2048,20,1,1,1,0.9,0,0.0438688
96,1024,20,1,1,1,0.9,0,0.0316358
72,4194304,20,1,1,1,0.9,0,3.18695
72,65536,20,1,1,1,0.9,0,0.0981679
48,262144,20,1,1,1,0.9,0,0.250246
96,2048,20,1,1,1,0.9,0,0.0318627
48,65536,20,1,1,1,0.9,0,0.106461
72,2097152,20,1,1,1,0.9,0,1.54817
24,524288,20,1,1,1,0.9,0,0.248349
72,2048,20,1,1,1,0.9,0,0.0502861
72,524288,20,1,1,1,0.9,0,0.396437
24,8192,20,1,1,1,0.9,0,0.035573
72,4096,20,1,1,1,0.9,0,0.0412889
96,2048,20,1,1,1,0.9,0,0.0402687
72,1048576,20,1,1,1,0.9,0,0.758339
72,8192,20,1,1,1,0.9,0,0.0880082
48,16384,20,1,1,1,0.9,0,0.033551
96,16384,20,1,1,1,0.9,0,0.0345857
72,8192,20,1,1,1,0.9,0,0.034344
48,4194304,20,1,1,1,0.9,0,4.03496
96,524288,20,1,1,1,0.9,0,0.3876
96,131072,20,1,1,1,0.9,0,0.0633054
48,2097152,20,1,1,1,0.9,0,2.02889
96,1024,20,1,1,1,0.9,0,0.0281117
72,32768,20,1,1,1,0.9,0,0.0352561
24,1048576,20,1,1,1,0.9,0,1.22613
24,1048576,20,1,1,1,0.9,0,0.573683
48,32768,20,1,1,1,0.9,0,0.087255
48,524288,20,1,1,1,0.9,0,0.17579
48,1048576,20,1,1,1,0.9,0,0.345197
96,1048576,20,1,1,1,0.9,0,0.735506
48,524288,20,1,1,1,0.9,0,0.476125
48,1048576,20,1,1,1,0.9,0,0.960996
72,1048576,20,1,1,1,0.9,0,0.27892
72,262144,20,1,1,1,0.9,0,0.235693
96,16384,20,1,1,1,0.9,0,0.0623925
72,65536,20,1,1,1,0.9,0,0.0437503
24,131072,20,1,1,1,0.9,0,0.170286
96,65536,20,1,1,1,0.9,0,0.102844
24,131072,20,1,1,1,0.9,0,0.0677049
96,2097152,20,1,1,1,0.9,0,0.491412
48,16384,20,1,1,1,0.9,0,0.0543208
24,2048,20,1,1,1,0.9,0,0.0269642
96,524288,20,1,1,1,0.9,0,0.121886
24,16384,20,1,1,1,0.9,0,0.0215259
96,4096,20,1,1,1,0.9,0,0.0548387
72,131072,20,1,1,1,0.9,0,0.0514817
72,2097152,20,1,1,1,0.9,0,0.559004
96,8192,20,1,1,1,0.9,0,0.034169
72,1024,20,1,1,1,0.9,0,0.0317194
24,524288,20,1,1,1,0.9,0,0.61383
48,8192,20,1,1,1,0.9,0,0.0253055
48,32768,20,1,1,1,0.9,0,0.0327637
48,1024,20,1,1,1,0.9,0,0.0265503
72,4194304,20,1,1,1,0.9,0,1.21628
96,262144,20,1,1,1,0.9,0,0.0764575
48,262144,20,1,1,1,0.9,0,0.0879693
72,524288,20,1,1,1,0.9,0,0.138565
48,131072,20,1,1,1,0.9,0,0.0508783
72,131072,20,1,1,1,0.9,0,0.146297
72,32768,20,1,1,1,0.9,0,0.0850558
96,131072,20,1,1,1,0.9,0,0.14234
48,8192,20,1,1,1,0.9,0,0.0614712
24,4194304,20,1,1,1,0.9,0,5.61654
24,65536,20,1,1,1,0.9,0,0.11272
24,2048,20,1,1,1,0.9,0,0.0188954
24,32768,20,1,1,1,0.9,0,0.0677788
96,32768,20,1,1,1,0.9,0,0.0385833
96,2097152,20,1,1,1,0.9,0,1.45833
72,16384,20,1,1,1,0.9,0,0.082341
24,4096,20,1,1,1,0.42,0,0.0186217
96,4194304,20,1,1,1,0.42,0,2.96297
24,4194304,20,1,1,1,0.42,0,3.91819
24,65536,20,1,1,1,0.42,0,0.042536
48,4194304,20,1,1,1,0.42,0,2.35457
24,8192,20,1,1,1,0.42,0,0.0178559
24,2097152,20,1,1,1,0.42,0,1.77633
96,262144,20,1,1,1,0.42,0,0.192115
96,1048576,20,1,1,1,0.42,0,0.342116
24,1024,20,1,1,1,0.42,0,0.0139992
24,4096,20,1,1,1,0.42,0,0.0136366
72,1024,20,1,1,1,0.42,0,0.0256863
72,262144,20,1,1,1,0.42,0,0.0811946
48,2048,20,1,1,1,0.42,0,0.032388
24,1024,20,1,1,1,0.42,0,0.0131054
48,4096,20,1,1,1,0.42,0,0.027658
72,2048,20,1,1,1,0.42,0,0.0375109
48,131072,20,1,1,1,0.42,0,0.122161
72,4096,20,1,1,1,0.42,0,0.0423822
24,2097152,20,1,1,1,0.42,0,2.68731
24,32768,20,1,1,1,0.42,0,0.0266244
24,262144,20,1,1,1,0.42,0,0.317247
96,8192,20,1,1,1,0.42,0,0.0367389
24,16384,20,1,1,1,0.42,0,0.0289321
72,16384,20,1,1,1,0.42,0,0.035784
96,32768,20,1,1,1,0.42,0,0.0546827
48,2097152,20,1,1,1,0.42,0,1.06761
48,65536,20,1,1,1,0.42,0,0.0398805
48,4096,20,1,1,1,0.42,0,0.0316105
48,1024,20,1,1,1,0.42,0,0.0367949
96,4194304,20,1,1,1,0.42,0,1.54065
24,262144,20,1,1,1,0.42,0,0.138047
96,4096,20,1,1,1,0.42,0,0.0296304
96,65536,20,1,1,1,0.42,0,0.0456004
48,2048,20,1,1,1,0.42,0,0.024343
96,1024,20,1,1,1,0.42,0,0.0230153
72,4194304,20,1,1,1,0.42,0,3.22087
72,65536,20,1,1,1,0.42,0,0.0856693
48,262144,20,1,1,1,0.42,0,0.245982
96,2048,20,1,1,1,0.42,0,0.0257323
48,65536,20,1,1,1,0.42,0,0.0738754
72,2097152,20,1,1,1,0.42,0,1.56545
24,524288,20,1,1,1,0.42,0,0.328489
72,2048,20,1,1,1,0.42,0,0.0337276
72,524288,20,1,1,1,0.42,0,0.37047
24,8192,20,1,1,1,0.42,0,0.0208228
72,4096,20,1,1,1,0.42,0,0.0349629
96,2048,20,1,1,1,0.42,0,0.0300486
72,1048576,20,1,1,1,0.42,0,0.745542
72,8192,20,1,1,1,0.42,0,0.038759
48,16384,20,1,1,1,0.42,0,0.0319049
96,16384,20,1,1,1,0.42,0,0.028517
72,8192,20,1,1,1,0.42,0,0.028995
48,4194304,20,1,1,1,0.42,0,4.05294
96,524288,20,1,1,1,0.42,0,0.357545
96,131072,20,1,1,1,0.42,0,0.0639973
48,2097152,20,1,1,1,0.42,0,1.98395
96,1024,20,1,1,1,0.42,0,0.0238738
72,32768,20,1,1,1,0.42,0,0.0355644
24,1048576,20,1,1,1,0.42,0,1.25559
24,1048576,20,1,1,1,0.42,0,0.748323
48,32768,20,1,1,1,0.42,0,0.0478845
48,524288,20,1,1,1,0.42,0,0.215454
48,1048576,20,1,1,1,0.42,0,0.475482
96,1048576,20,1,1,1,0.42,0,0.704143
48,524288,20,1,1,1,0.42,0,0.486601
48,1048576,20,1,1,1,0.42,0,0.91083
72,1048576,20,1,1,1,0.42,0,0.392972
72,262144,20,1,1,1,0.42,0,0.206774
96,16384,20,1,1,1,0.42,0,0.0414934
72,65536,20,1,1,1,0.42,0,0.0457344
24,131072,20,1,1,1,0.42,0,0.148955
96,65536,20,1,1,1,0.42,0,0.0733058
24,131072,20,1,1,1,0.42,0,0.0776167
96,2097152,20,1,1,1,0.42,0,0.700992
48,16384,20,1,1,1,0.42,0,0.034905
24,2048,20,1,1,1,0.42,0,0.0174081
96,524288,20,1,1,1,0.42,0,0.176114
24,16384,20,1,1,1,0.42,0,0.0188563
96,4096,20,1,1,1,0.42,0,0.0348918
72,131072,20,1,1,1,0.42,0,0.0588055
72,2097152,20,1,1,1,0.42,0,0.857008
96,8192,20,1,1,1,0.42,0,0.0299704
72,1024,20,1,1,1,0.42,0,0.0258048
24,524288,20,1,1,1,0.42,0,0.613183
48,8192,20,1,1,1,0.42,0,0.0286045
48,32768,20,1,1,1,0.42,0,0.0326824
48,1024,20,1,1,1,0.42,0,0.0286751
72,4194304,20,1,1,1,0.42,0,1.82205
96,262144,20,1,1,1,0.42,0,0.0788941
48,262144,20,1,1,1,0.42,0,0.0921764
72,524288,20,1,1,1,0.42,0,0.174924
48,131072,20,1,1,1,0.42,0,0.058399
72,131072,20,1,1,1,0.42,0,0.111774
72,32768,20,1,1,1,0.42,0,0.0479536
96,131072,20,1,1,1,0.42,0,0.108653
48,8192,20,1,1,1,0.42,0,0.0298307
24,4194304,20,1,1,1,0.42,0,5.6269
24,65536,20,1,1,1,0.42,0,0.075177
24,2048,20,1,1,1,0.42,0,0.0146568
24,32768,20,1,1,1,0.42,0,0.0407536
96,32768,20,1,1,1,0.42,0,0.034395
96,2097152,20,1,1,1,0.42,0,1.47544
72,16384,20,1,1,1,0.42,0,0.0334179
24,4096,25,1,1,0,0.4,0,0.0330863
96,4194304,25,1,1,0,0.4,0,3.24372
24,4194304,25,1,1,0,0.4,0,3.53326
24,65536,25,1,1,0,0.4,0,0.0446422
48,4194304,25,1,1,0,0.4,0,2.24983
24,8192,25,1,1,0,0.4,0,0.0259745
24,2097152,25,1,1,0,0.4,0,1.6152
96,262144,25,1,1,0,0.4,0,0.232831
96,1048576,25,1,1,0,0.4,0,0.295147
24,1024,25,1,1,0,0.4,0,0.0154815
24,4096,25,1,1,0,0.4,0,0.0185952
72,1024,25,1,1,0,0.4,0,0.0386534
72,262144,25,1,1,0,0.4,0,0.101385
48,2048,25,1,1,0,0.4,0,0.0318453
24,1024,25,1,1,0,0.4,0,0.0195928
48,4096,25,1,1,0,0.4,0,0.0343909
72,2048,25,1,1,0,0.4,0,0.037919
48,131072,25,1,1,0,0.4,0,0.158041
72,4096,25,1,1,0,0.4,0,0.0632863
24,2097152,25,1,1,0,0.4,0,2.85684
24,32768,25,1,1,0,0.4,0,0.0300612
24,262144,25,1,1,0,0.4,0,0.319328
96,8192,25,1,1,0,0.4,0,0.0499403
24,16384,25,1,1,0,0.4,0,0.0425704
72,16384,25,1,1,0,0.4,0,0.0436337
96,32768,25,1,1,0,0.4,0,0.0860167
48,2097152,25,1,1,0,0.4,0,0.930964
48,65536,25,1,1,0,0.4,0,0.0462534
48,4096,25,1,1,0,0.4,0,0.0575063
48,1024,25,1,1,0,0.4,0,0.0330937
96,4194304,25,1,1,0,0.4,0,1.30882
24,262144,25,1,1,0,0.4,0,0.130956
96,4096,25,1,1,0,0.4,0,0.0337274
96,65536,25,1,1,0,0.4,0,0.0488033
48,2048,25,1,1,0,0.4,0,0.0370307
96,1024,25,1,1,0,0.4,0,0.030575
72,4194304,25,1,1,0,0.4,0,3.38879
72,65536,25,1,1,0,0.4,0,0.111126
48,262144,25,1,1,0,0.4,0,0.297059
96,2048,25,1,1,0,0.4,0,0.0326221
48,65536,25,1,1,0,0.4,0,0.100638
72,2097152,25,1,1,0,0.4,0,1.72635
24,524288,25,1,1,0,0.4,0,0.269895
72,2048,25,1,1,0,0.4,0,0.0618985
72,524288,25,1,1,0,0.4,0,0.44231
24,8192,25,1,1,0,0.4,0,0.0340366
72,4096,25,1,1,0,0.4,0,0.0390534
96,2048,25,1,1,0,0.4,0,0.0362933
72,1048576,25,1,1,0,0.4,0,0.813862
72,8192,25,1,1,0,0.4,0,0.0647502
48,16384,25,1,1,0,0.4,0,0.038449
96,16384,25,1,1,0,0.4,0,0.0403538
72,8192,25,1,1,0,0.4,0,0.0399525
48,4194304,25,1,1,0,0.4,0,4.33721
96,524288,25,1,1,0,0.4,0,0.414275
96,131072,25,1,1,0,0.4,0,0.0734091
48,2097152,25,1,1,0,0.4,0,2.15486
96,1024,25,1,1,0,0.4,0,0.0278997
72,32768,25,1,1,0,0.4,0,0.0539901
24,1048576,25,1,1,0,0.4,0,1.31256
24,1048576,25,1,1,0,0.4,0,0.678539
48,32768,25,1,1,0,0.4,0,0.0747702
48,524288,25,1,1,0,0.4,0,0.216753
48,1048576,25,1,1,0,0.4,0,0.402473
96,1048576,25,1,1,0,0.4,0,0.790095
48,524288,25,1,1,0,0.4,0,0.541311
48,1048576,25,1,1,0,0.4,0,1.03459
72,1048576,25,1,1,0,0.4,0,0.339199
72,262144,25,1,1,0,0.4,0,0.233263
96,16384,25,1,1,0,0.4,0,0.0585675
72,65536,25,1,1,0,0.4,0,0.0571363
24,131072,25,1,1,0,0.4,0,0.178398
96,65536,25,1,1,0,0.4,0,0.102127
24,131072,25,1,1,0,0.4,0,0.0899916
96,2097152,25,1,1,0,0.4,0,0.601218
48,16384,25,1,1,0,0.4,0,0.0540662
24,2048,25,1,1,0,0.4,0,0.0276442
96,524288,25,1,1,0,0.4,0,0.146363
24,16384,25,1,1,0,0.4,0,0.0231884
96,4096,25,1,1,0,0.4,0,0.0490477
72,131072,25,1,1,0,0.4,0,0.0678961
72,2097152,25,1,1,0,0.4,0,0.707314
96,8192,25,1,1,0,0.4,0,0.032547
72,1024,25,1,1,0,0.4,0,0.0352054
24,524288,25,1,1,0,0.4,0,0.66209
48,8192,25,1,1,0,0.4,0,0.0319982
48,32768,25,1,1,0,0.4,0,0.0395489
48,1024,25,1,1,0,0.4,0,0.0321369
72,4194304,25,1,1,0,0.4,0,1.49319
96,262144,25,1,1,0,0.4,0,0.0923369
48,262144,25,1,1,0,0.4,0,0.102418
72,524288,25,1,1,0,0.4,0,0.162624
48,131072,25,1,1,0,0.4,0,0.0730312
72,131072,25,1,1,0,0.4,0,0.145257
72,32768,25,1,1,0,0.4,0,0.0756161
96,131072,25,1,1,0,0.4,0,0.147881
48,8192,25,1,1,0,0.4,0,0.0547731
24,4194304,25,1,1,0,0.4,0,5.9668
24,65536,25,1,1,0,0.4,0,0.102755
24,2048,25,1,1,0,0.4,0,0.0178206
24,32768,25,1,1,0,0.4,0,0.0676174
96,32768,25,1,1,0,0.4,0,0.0392075
96,2097152,25,1,1,0,0.4,0,1.62706
72,16384,25,1,1,0,0.4,0,0.0590651
